"DATE","TIME PERIOD","Investment fund shares/units held by insurance corporations in Austria (stocks) (ICB.Q.AT.X.S128.A60.T.1.W0.S1._T.EUR)","Investment fund shares/units held by insurance corporations in Belgium (stocks) (ICB.Q.BE.X.S128.A60.T.1.W0.S1._T.EUR)","Investment fund shares/units held by insurance corporations in Cyprus (stocks) (ICB.Q.CY.X.S128.A60.T.1.W0.S1._T.EUR)","Investment fund shares/units held by insurance corporations in Germany (stocks) (ICB.Q.DE.X.S128.A60.T.1.W0.S1._T.EUR)","Investment fund shares/units held by insurance corporations in Estonia (stocks) (ICB.Q.EE.X.S128.A60.T.1.W0.S1._T.EUR)","Investment fund shares/units held by insurance corporations in Spain (stocks) (ICB.Q.ES.X.S128.A60.T.1.W0.S1._T.EUR)","Investment fund shares/units held by insurance corporations in Finland (stocks) (ICB.Q.FI.X.S128.A60.T.1.W0.S1._T.EUR)","Investment fund shares/units held by insurance corporations in France (stocks) (ICB.Q.FR.X.S128.A60.T.1.W0.S1._T.EUR)","Investment fund shares/units held by insurance corporations in Greece (stocks) (ICB.Q.GR.X.S128.A60.T.1.W0.S1._T.EUR)","Investment fund shares/units held by insurance corporations in Ireland (stocks) (ICB.Q.IE.X.S128.A60.T.1.W0.S1._T.EUR)","Investment fund shares/units held by insurance corporations in Italy (stocks) (ICB.Q.IT.X.S128.A60.T.1.W0.S1._T.EUR)","Investment fund shares/units held by insurance corporations in Lithuania (stocks) (ICB.Q.LT.X.S128.A60.T.1.W0.S1._T.EUR)","Investment fund shares/units held by insurance corporations in Luxembourg (stocks) (ICB.Q.LU.X.S128.A60.T.1.W0.S1._T.EUR)","Investment fund shares/units held by insurance corporations in Latvia (stocks) (ICB.Q.LV.X.S128.A60.T.1.W0.S1._T.EUR)","Investment fund shares/units held by insurance corporations in Malta (stocks) (ICB.Q.MT.X.S128.A60.T.1.W0.S1._T.EUR)","Investment fund shares/units held by insurance corporations in the Netherlands (stocks) (ICB.Q.NL.X.S128.A60.T.1.W0.S1._T.EUR)","Investment fund shares/units held by insurance corporations in Portugal (stocks) (ICB.Q.PT.X.S128.A60.T.1.W0.S1._T.EUR)","Investment fund shares/units held by insurance corporations in Slovenia (stocks) (ICB.Q.SI.X.S128.A60.T.1.W0.S1._T.EUR)","Investment fund shares/units held by insurance corporations in Slovakia (stocks) (ICB.Q.SK.X.S128.A60.T.1.W0.S1._T.EUR)","Investment fund shares/units held by insurance corporations in the Euro area (stocks) (ICB.Q.U2.X.S128.A60.T.1.W0.S1._T.EUR)","Investment fund shares/units held by insurance corporations in Croatia (stocks) (ICB.Q.HR.X.S128.A60.T.1.W0.S1._T.EUR)"
"2008-03-31","2008Q1","","","","","","","","","","","","","","","","","","","","1031799.09"
"2008-06-30","2008Q2","","","","","","","","","","","","","","","","","","","","1013729.93"
"2008-09-30","2008Q3","","","","","","","","","","","","","","","","","","","","973712.56"
"2008-12-31","2008Q4","","","","","","","","","","","","","","","","","","","","902017.23"
"2009-03-31","2009Q1","","","","","","","","","","","","","","","","","","","","891580.54"
"2009-06-30","2009Q2","","","","","","","","","","","","","","","","","","","","928016.14"
"2009-09-30","2009Q3","","","","","","","","","","","","","","","","","","","","972361.15"
"2009-12-31","2009Q4","","","","","","","","","","","","","","","","","","","","1017776.13"
"2010-03-31","2010Q1","","","","","","","","","","","","","","","","","","","","1059394.68"
"2010-06-30","2010Q2","","","","","","","","","","","","","","","","","","","","1051841.33"
"2010-09-30","2010Q3","","","","","","","","","","","","","","","","","","","","1074697.18"
"2010-12-31","2010Q4","","","","","","","","","","","","","","","","","","","","1092684.79"
"2011-03-31","2011Q1","","","","","","","","","","","","","","","","","","","","1092775.21"
"2011-06-30","2011Q2","","","","","","","","","","","","","","","","","","","","1091869.42"
"2011-09-30","2011Q3","","","","","","","","","","","","","","","","","","","","1054817.17"
"2011-12-31","2011Q4","","","","","","","","","","","","","","","","","","","","1069459.22"
"2012-03-31","2012Q1","","","","","","","","","","","","","","","","","","","","1137044.96"
"2012-06-30","2012Q2","","","","","","","","","","","","","","","","","","","","1135792.50"
"2012-09-30","2012Q3","","","","","","","","","","","","","","","","","","","","1184311.18"
"2012-12-31","2012Q4","","","","","","","","","","","","","","","","","","","","1220549.07"
"2013-03-31","2013Q1","","","","","","","","","","","","","","","","","","","","1266624.27"
"2013-06-30","2013Q2","","","","","","","","","","","","","","","","","","","","1259715.24"
"2013-09-30","2013Q3","","","","","","","","","","","","","","","","","","","","1310965.51"
"2013-12-31","2013Q4","","","","","","","","","","","","","","","","","","","","1329702.39"
"2014-03-31","2014Q1","","","","","","","","","","","","","","","","","","","","1396874.48"
"2014-06-30","2014Q2","","","","","","","","","","","","","","","","","","","","1445989.65"
"2014-09-30","2014Q3","","","","","","","","","","","","","","","","","","","","1488768.52"
"2014-12-31","2014Q4","","","","","","","","","","","","","","","","","","","","1529545.29"
"2015-03-31","2015Q1","","","","","","","","","","","","","","","","","","","","1657091.67"
"2015-06-30","2015Q2","","","","","","","","","","","","","","","","","","","","1630990.94"
"2015-09-30","2015Q3","","","","","","","","","","","","","","","","","","","","1607813.78"
"2015-12-31","2015Q4","","","","","","","","","","","","","","","","","","","","1650518.64"
"2016-03-31","2016Q1","","","","","","","","","","","","","","","","","","","","1678764.44"
"2016-06-30","2016Q2","","","","","","","","","","","","","","","","","","","","1699927.63"
"2016-09-30","2016Q3","34184.00","36637.00","1200.00","613943.00","308.00","17275.00","38095.00","617481.00","2489.50","120959.52","164539.00","608.00","75108.00","225.00","1624.00","92095.00","4957.00","1305.00","1401.51","1824434.53","402.00"
"2016-12-31","2016Q4","33999.00","36669.00","1206.00","623202.00","327.00","19193.00","39523.00","627447.00","2723.38","125092.44","175615.00","668.00","73944.00","231.00","1687.00","89676.00","4973.00","1318.00","1454.61","1858948.43","424.00"
"2017-03-31","2017Q1","33881.00","38399.00","1215.00","635830.00","317.00","20237.00","41257.00","656449.00","2648.47","130805.88","185614.00","702.00","79714.00","240.00","1780.00","86130.00","5169.00","1380.00","1477.01","1923245.36","440.00"
"2017-06-30","2017Q2","33953.00","38440.00","1224.00","643782.00","320.00","21276.00","42968.00","684800.00","2757.29","134614.34","192299.00","705.00","79943.00","243.00","1765.00","89106.00","5503.00","1364.00","1505.17","1976567.80","509.00"
"2017-09-30","2017Q3","34302.00","38964.00","1232.00","650470.00","331.00","22605.00","44042.00","701254.00","2743.27","138618.97","197974.00","730.00","81914.00","256.00","1811.00","89122.00","5698.00","1377.00","1544.86","2014989.10","457.00"
"2017-12-31","2017Q4","34907.00","39640.00","1285.00","671297.00","298.00","23092.00","44316.00","713891.00","2850.74","142406.90","207000.00","759.00","83222.00","269.00","1827.00","92073.00","6026.00","1392.00","1617.10","2068168.74","461.00"
"2018-03-31","2018Q1","34654.00","40327.00","1276.00","664041.00","298.00","23789.00","44526.00","716347.00","2789.08","141710.59","211214.00","757.00","83120.00","276.00","1856.00","91066.00","6125.00","1390.00","1581.46","2067143.13","463.00"
"2018-06-30","2018Q2","34867.00","40386.00","1320.00","669922.00","308.00","24069.00","44628.00","737929.00","2849.60","143966.52","213200.00","765.00","85212.00","285.00","1869.00","93665.00","6254.00","1425.00","1546.05","2104466.17","458.00"
"2018-09-30","2018Q3","35192.00","40628.00","1353.00","677829.00","317.00","24771.00","44895.00","736244.00","2877.78","146861.01","219837.00","779.00","87265.00","298.00","1775.00","96152.00","6264.00","1386.00","1574.60","2126298.39","472.00"
"2018-12-31","2018Q4","33442.00","37590.00","1263.00","665764.00","300.00","23527.00","42054.00","687069.00","2668.27","137852.70","211446.00","737.00","79208.00","288.00","1501.00","93026.00","5739.00","1257.00","1481.08","2026213.05","450.00"
"2019-03-31","2019Q1","35137.00","40664.00","1334.00","708859.00","306.00","24003.00","44569.00","730456.00","2889.83","132306.71","226330.00","794.00","88596.00","313.00","1629.00","97749.00","5669.00","1373.00","1583.18","2144560.72","462.00"
"2019-06-30","2019Q2","36062.00","41699.00","1357.00","735768.00","320.00","25877.00","45495.00","748244.00","2991.00","142438.30","232227.00","835.00","90595.00","323.00","1648.00","100379.00","6295.00","1402.00","1625.26","2215580.56","457.00"
"2019-09-30","2019Q3","36802.00","42502.00","1389.00","768319.00","330.00","27007.00","46234.00","768941.00","2959.21","146408.32","240244.00","863.00","94833.00","373.00","1715.00","102757.00","6619.00","1455.00","1661.64","2291412.17","499.00"
"2019-12-31","2019Q4","37498.00","57298.00","1418.00","782340.00","332.00","29677.00","47611.00","763250.00","2980.94","153203.36","251760.00","903.00","94815.00","393.00","1722.00","103436.00","6838.00","1502.00","1682.14","2338659.44","473.00"
"2020-03-31","2020Q1","34097.00","52956.00","1215.00","746837.00","274.00","25208.00","42062.00","713744.00","2573.12","133992.66","231122.00","846.00","86953.00","356.00","1393.00","96604.00","6304.00","1364.00","1496.75","2179397.53","434.00"
"2020-06-30","2020Q2","35943.00","56509.00","1389.00","799012.00","306.00","27606.00","45485.00","740072.00","2679.32","145519.68","250746.00","906.00","87523.00","387.00","1420.00","104312.00","6428.00","1496.00","1633.30","2309372.30","481.00"
"2020-09-30","2020Q3","36271.00","58004.00","1435.00","819830.00","316.00","28721.00","46950.00","761243.00","2872.52","149201.98","259452.00","933.00","90221.00","408.00","1339.00","103638.00","7009.00","1561.00","1689.08","2371094.58","506.00"
"2020-12-31","2020Q4","37703.00","61354.00","1530.00","853169.00","348.00","31530.00","49665.00","793730.00","3175.32","159691.89","277050.00","1001.00","96340.00","444.00","1384.00","103643.00","7779.00","1682.00","1780.27","2482999.48","567.00"
"2021-03-31","2021Q1","38355.00","63364.00","1628.00","858139.00","353.00","33667.00","52458.00","820146.00","3476.29","168223.26","286739.00","1072.00","101492.00","458.00","1502.00","107228.00","8314.00","1858.00","1864.83","2550337.38","604.00"
"2021-06-30","2021Q2","39266.00","65893.00","1674.00","879641.00","369.00","35929.00","54876.00","853414.00","3737.10","174867.24","298272.00","1106.00","106898.00","484.00","1564.00","111647.00","9582.00","1954.00","1939.25","2643112.59","609.00"
"2021-09-30","2021Q3","39608.00","65991.00","1754.00","899760.00","376.00","37128.00","55598.00","874257.00","3842.34","178623.10","306424.00","1140.00","110239.00","498.00","1506.00","113388.00","10516.00","2007.00","1983.52","2704638.96","621.00"
"2021-12-31","2021Q4","40279.00","68596.00","1799.00","921580.00","397.00","39514.00","58155.00","903659.00","4345.63","186220.71","314022.00","1201.00","115767.00","526.00","1604.00","122014.00","11072.00","2019.00","2049.04","2794819.38","633.00"
"2022-03-31","2022Q1","37999.00","70958.00","1740.00","870490.00","379.00","36821.00","55685.00","857375.00","4136.49","179380.58","305623.00","1194.00","111751.00","504.00","1486.00","117381.00","10271.00","1948.00","1963.94","2667086.01","596.00"
"2022-06-30","2022Q2","34869.00","65245.00","1682.00","803495.00","354.00","34647.00","51655.00","823938.00","3832.25","165792.90","287390.00","1146.00","106417.00","477.00","1425.00","109001.00","9983.00","1811.00","1783.95","2504944.10","565.00"
"2022-09-30","2022Q3","33257.00","64025.00","1687.00","776731.00","351.00","33423.00","50672.00","798050.00","3909.91","162227.04","284370.00","1128.00","104510.00","476.00","1383.00","107937.00","9658.00","1793.00","1716.85","2437304.80","551.00"
"2022-12-31","2022Q4","33756.00","66798.00","1722.00","772122.00","360.00","33646.00","50740.00","775643.00","4124.51","165900.37","285119.00","1109.00","104592.00","494.00","1570.00","111059.00","10124.00","1712.00","1758.00","2422348.88","565.00"
"2023-03-31","2023Q1","34193.00","67541.00","1716.00","790068.00","338.00","34365.00","53280.00","807965.00","4161.04","170493.96","292011.00","1162.00","109021.00","499.00","1619.00","112160.00","10139.00","1746.00","1685.32","2494690.32","527.00"
"2023-06-30","2023Q2","34766.00","69468.00","1822.00","799174.00","351.00","34565.00","54291.00","817129.00","4648.36","172971.71","293153.00","1198.00","111563.00","509.00","1570.00","117908.00","10214.00","1847.00","1653.68","2529331.75","530.00"
"2023-09-30","2023Q3","34286.00","68930.00","1799.00","785273.00","340.00","33992.00","53881.00","807621.00","4964.61","170864.34","293021.00","1212.00","109819.00","509.00","1526.00","114929.00","10196.00","1859.00","1633.57","2497213.52","558.00"
"2023-12-31","2023Q4","35866.00","73283.00","1836.00","822557.00","351.00","34993.00","56524.00","833910.00","5397.71","148935.22","333879.00","1252.00","114089.00","537.00","1668.00","128701.00","10594.00","1970.00","1726.25","2608626.18","557.00"
"2024-03-31","2024Q1","36571.00","75027.00","1934.00","847633.00","323.00","36330.00","59167.00","853585.00","5809.87","171007.87","341629.00","1304.00","119254.00","559.00","1828.00","135510.00","11053.00","2142.00","1804.83","2703047.57","576.00"
"2024-06-30","2024Q2","36706.00","76088.00","1973.00","847368.00","334.00","36625.00","60454.00","853642.00","5820.63","171718.24","337200.00","1349.00","121155.00","575.00","1809.00","127720.00","11131.00","2234.00","1842.91","2696283.78","539.00"
