"DATE","TIME PERIOD","Gross domestic product at market prices (MNA.Q.Y.AT.W2.S1.S1.B.B1GQ._Z._Z._Z.EUR.LR.N)","Gross domestic product at market prices (MNA.Q.Y.B5.W2.S1.S1.B.B1GQ._Z._Z._Z.EUR.LR.N)","Gross domestic product at market prices (MNA.Q.Y.BE.W2.S1.S1.B.B1GQ._Z._Z._Z.EUR.LR.N)","Gross domestic product at market prices (MNA.Q.Y.CY.W2.S1.S1.B.B1GQ._Z._Z._Z.EUR.LR.N)","Gross domestic product at market prices (MNA.Q.Y.DE.W2.S1.S1.B.B1GQ._Z._Z._Z.EUR.LR.N)","Gross domestic product at market prices (MNA.Q.Y.EE.W2.S1.S1.B.B1GQ._Z._Z._Z.EUR.LR.N)","Gross domestic product at market prices (MNA.Q.Y.ES.W2.S1.S1.B.B1GQ._Z._Z._Z.EUR.LR.N)","Gross domestic product at market prices (MNA.Q.Y.FI.W2.S1.S1.B.B1GQ._Z._Z._Z.EUR.LR.N)","Gross domestic product at market prices (MNA.Q.Y.FR.W2.S1.S1.B.B1GQ._Z._Z._Z.EUR.LR.N)","Gross domestic product at market prices (MNA.Q.Y.GB.W2.S1.S1.B.B1GQ._Z._Z._Z.EUR.LR.N)","Gross domestic product at market prices (MNA.Q.Y.GR.W2.S1.S1.B.B1GQ._Z._Z._Z.EUR.LR.N)","Gross domestic product at market prices (MNA.Q.Y.I6.W2.S1.S1.B.B1GQ._Z._Z._Z.EUR.LR.N)","Gross domestic product at market prices (MNA.Q.Y.I7.W2.S1.S1.B.B1GQ._Z._Z._Z.EUR.LR.N)","Gross domestic product at market prices (MNA.Q.Y.I8.W2.S1.S1.B.B1GQ._Z._Z._Z.EUR.LR.N)","Gross domestic product at market prices (MNA.Q.Y.IT.W2.S1.S1.B.B1GQ._Z._Z._Z.EUR.LR.N)","Gross domestic product at market prices (MNA.Q.Y.LT.W2.S1.S1.B.B1GQ._Z._Z._Z.EUR.LR.N)","Gross domestic product at market prices (MNA.Q.Y.LU.W2.S1.S1.B.B1GQ._Z._Z._Z.EUR.LR.N)","Gross domestic product at market prices (MNA.Q.Y.LV.W2.S1.S1.B.B1GQ._Z._Z._Z.EUR.LR.N)","Gross domestic product at market prices (MNA.Q.Y.MT.W2.S1.S1.B.B1GQ._Z._Z._Z.EUR.LR.N)","Gross domestic product at market prices (MNA.Q.Y.NL.W2.S1.S1.B.B1GQ._Z._Z._Z.EUR.LR.N)","Gross domestic product at market prices (MNA.Q.Y.PT.W2.S1.S1.B.B1GQ._Z._Z._Z.EUR.LR.N)","Gross domestic product at market prices (MNA.Q.Y.SI.W2.S1.S1.B.B1GQ._Z._Z._Z.EUR.LR.N)","Gross domestic product at market prices (MNA.Q.Y.B6.W2.S1.S1.B.B1GQ._Z._Z._Z.EUR.LR.N)","Gross domestic product at market prices (MNA.Q.Y.IE.W2.S1.S1.B.B1GQ._Z._Z._Z.EUR.LR.N)","Gross domestic product at market prices (MNA.Q.Y.BG.W2.S1.S1.B.B1GQ._Z._Z._Z.EUR.LR.N)","Gross domestic product at market prices (MNA.Q.Y.CZ.W2.S1.S1.B.B1GQ._Z._Z._Z.EUR.LR.N)","Gross domestic product at market prices (MNA.Q.Y.HR.W2.S1.S1.B.B1GQ._Z._Z._Z.EUR.LR.N)","Gross domestic product at market prices (MNA.Q.Y.HU.W2.S1.S1.B.B1GQ._Z._Z._Z.EUR.LR.N)","Gross domestic product at market prices (MNA.Q.Y.PL.W2.S1.S1.B.B1GQ._Z._Z._Z.EUR.LR.N)","Gross domestic product at market prices (MNA.Q.Y.RO.W2.S1.S1.B.B1GQ._Z._Z._Z.EUR.LR.N)","Gross domestic product at market prices (MNA.Q.Y.SE.W2.S1.S1.B.B1GQ._Z._Z._Z.EUR.LR.N)","Gross domestic product at market prices (MNA.Q.Y.SK.W2.S1.S1.B.B1GQ._Z._Z._Z.EUR.LR.N)","Gross domestic product at market prices (MNA.Q.Y.DK.W2.S1.S1.B.B1GQ._Z._Z._Z.EUR.LR.N)","Gross domestic product at market prices (MNA.Q.Y.I9.W2.S1.S1.B.B1GQ._Z._Z._Z.EUR.LR.N)"
"1949-03-31","1949Q1","","","","","","","","","65631.51"
"1949-06-30","1949Q2","","","","","","","","","66223.32"
"1949-09-30","1949Q3","","","","","","","","","67215.21"
"1949-12-31","1949Q4","","","","","","","","","68154.35"
"1950-03-31","1950Q1","","","","","","","","","70027.39"
"1950-06-30","1950Q2","","","","","","","","","71795.97"
"1950-09-30","1950Q3","","","","","","","","","73536.59"
"1950-12-31","1950Q4","","","","","","","","","75295.78"
"1951-03-31","1951Q1","","","","","","","","","75331.45"
"1951-06-30","1951Q2","","","","","","","","","75877.27"
"1951-09-30","1951Q3","","","","","","","","","76967.33"
"1951-12-31","1951Q4","","","","","","","","","77742.71"
"1952-03-31","1952Q1","","","","","","","","","79094.60"
"1952-06-30","1952Q2","","","","","","","","","78672.75"
"1952-09-30","1952Q3","","","","","","","","","79440.34"
"1952-12-31","1952Q4","","","","","","","","","79268.97"
"1953-03-31","1953Q1","","","","","","","","","80136.79"
"1953-06-30","1953Q2","","","","","","","","","81431.62"
"1953-09-30","1953Q3","","","","","","","","","81814.81"
"1953-12-31","1953Q4","","","","","","","","","83123.44"
"1954-03-31","1954Q1","","","","","","","","","84376.97"
"1954-06-30","1954Q2","","","","","","","","","85886.44"
"1954-09-30","1954Q3","","","","","","","","","87252.22"
"1954-12-31","1954Q4","","","","","","","","","87920.99"
"1955-03-31","1955Q1","","","","","","","","","89094.48","151332.55"
"1955-06-30","1955Q2","","","","","","","","","90394.19","151431.01"
"1955-09-30","1955Q3","","","","","","","","","91739.04","154494.24"
"1955-12-31","1955Q4","","","","","","","","","92753.74","153684.94"
"1956-03-31","1956Q1","","","","","","","","","93460.61","155487.00"
"1956-06-30","1956Q2","","","","","","","","","95067.86","155149.78"
"1956-09-30","1956Q3","","","","","","","","","96243.13","154969.04"
"1956-12-31","1956Q4","","","","","","","","","97694.03","155696.07"
"1957-03-31","1957Q1","","","","","","","","","99551.58","158810.56"
"1957-06-30","1957Q2","","","","","","","","","100239.40","158826.74"
"1957-09-30","1957Q3","","","","","","","","","101911.70","157851.53"
"1957-12-31","1957Q4","","","","","","","","","102204.22","158164.46"
"1958-03-31","1958Q1","","","","","","","","","103519.98","161645.83"
"1958-06-30","1958Q2","","","","","","","","","103922.31","157804.32"
"1958-09-30","1958Q3","","","","","","","","","103726.64","161315.36"
"1958-12-31","1958Q4","","","","","","","","","104077.82","161481.27"
"1959-03-31","1959Q1","","","","","","","","","104285.98","162422.77"
"1959-06-30","1959Q2","","","","","","","","","105628.95","165073.25"
"1959-09-30","1959Q3","","","","","","","","","106800.66","168623.42"
"1959-12-31","1959Q4","","","","","","","","","109479.20","172896.57"
"1960-03-31","1960Q1","","","","","","","","","111753.91","177238.50"
"1960-06-30","1960Q2","","","","","","","","","114552.10","175936.87"
"1960-09-30","1960Q3","","","","","","","","","116462.96","178599.49"
"1960-12-31","1960Q4","","","","","","","","","117677.46","179720.38"
"1961-03-31","1961Q1","","","","","","","","","119306.39","182625.80"
"1961-06-30","1961Q2","","","","","","","","","120047.05","183424.32"
"1961-09-30","1961Q3","","","","","","","","","121186.66","182490.91"
"1961-12-31","1961Q4","","","","","","","","","123327.72","182173.94"
"1962-03-31","1962Q1","","","","","","","","","125878.54","182967.06"
"1962-06-30","1962Q2","","","","","","","","","127803.28","184742.14"
"1962-09-30","1962Q3","","","","","","","","","130279.20","185845.50"
"1962-12-31","1962Q4","","","","","","","","","131679.80","185188.61"
"1963-03-31","1963Q1","","","","","","","","","130439.59","186037.03"
"1963-06-30","1963Q2","","","","","","","","","136280.27","194104.49"
"1963-09-30","1963Q3","","","","","","","","","140924.10","195023.05"
"1963-12-31","1963Q4","","","","","","","","","140512.95","199478.29"
"1964-03-31","1964Q1","","","","","","","","","143486.08","200653.14"
"1964-06-30","1964Q2","","","","","","","","","145312.76","204206.00"
"1964-09-30","1964Q3","","","","","","","","","146671.97","205018.01"
"1964-12-31","1964Q4","","","","","","","","","148610.23","208105.52"
"1965-03-31","1965Q1","","","","","","","","","149307.90","207537.66"
"1965-06-30","1965Q2","","","","","","","","","152081.51","207704.91"
"1965-09-30","1965Q3","","","","","","","","","154258.52","209439.53"
"1965-12-31","1965Q4","","","","","","","","","156604.65","210726.33"
"1966-03-31","1966Q1","","","","","","","","","157864.85","211083.77"
"1966-06-30","1966Q2","","","","","","","","","160444.76","212330.11"
"1966-09-30","1966Q3","","","","","","","","","162279.50","212989.70"
"1966-12-31","1966Q4","","","","","","","","","163227.75","212099.46"
"1967-03-31","1967Q1","","","","","","","","","165902.26","214975.20"
"1967-06-30","1967Q2","","","","","","","","","167889.23","218002.01"
"1967-09-30","1967Q3","","","","","","","","","169596.43","219000.16"
"1967-12-31","1967Q4","","","","","","","","","171363.89","220077.89"
"1968-03-31","1968Q1","","","","","","","","","176167.73","228138.60"
"1968-06-30","1968Q2","","","","","","","","","166789.41","227242.96"
"1968-09-30","1968Q3","","","","","","","","","180244.80","231757.55"
"1968-12-31","1968Q4","","","","","","","","","182221.54","232641.05"
"1969-03-31","1969Q1","","","","","","","","","183902.28","232110.95"
"1969-06-30","1969Q2","","","","","","","","","187744.74","233919.76"
"1969-09-30","1969Q3","","","","","","","","","190424.31","235221.39"
"1969-12-31","1969Q4","","","","","","","","","193385.15","236363.87"
"1970-03-31","1970Q1","","","","","","","","","196249.60","234851.81"
"1970-06-30","1970Q2","","","","","","","","","199759.27","240419.85"
"1970-09-30","1970Q3","","","","","","","","","201921.83","242816.75"
"1970-12-31","1970Q4","","","","","","","","","204429.56","244923.65"
"1971-03-31","1971Q1","","","","","","","","","207635.06","243524.90"
"1971-06-30","1971Q2","","","","","","","","","209873.92","247856.04"
"1971-09-30","1971Q3","","","","","","","","","212662.73","252218.21"
"1971-12-31","1971Q4","","","","","","","","","214728.82","253163.76"
"1972-03-31","1972Q1","","","","","","","","","217159.03","253527.95"
"1972-06-30","1972Q2","","","","","","","","","218742.45","260249.25"
"1972-09-30","1972Q3","","","","","","","","","221721.12","260984.37"
"1972-12-31","1972Q4","","","","","","","","","225136.47","265078.12"
"1973-03-31","1973Q1","","","","","","","","","229347.09","278269.85"
"1973-06-30","1973Q2","","","","","","","","","232697.21","278627.29"
"1973-09-30","1973Q3","","","","","","","","","236392.61","275984.90"
"1973-12-31","1973Q4","","","","","","","","","239253.12","274795.22"
"1974-03-31","1974Q1","","","","","","","","","243178.91","267270.00"
"1974-06-30","1974Q2","","","","","","","","","244894.56","271116.91"
"1974-09-30","1974Q3","","","","","","","","","247611.49","272856.92"
"1974-12-31","1974Q4","","","","","","","","","243194.30","268914.24"
"1975-03-31","1975Q1","","","","","","","","","241317.61","269070.71"
"1975-06-30","1975Q2","","","","","","","","","241239.52","264651.89"
"1975-09-30","1975Q3","","","","","","","","","241081.95","263746.81"
"1975-12-31","1975Q4","","","","","","","","","246237.07","266770.93"
"1976-03-31","1976Q1","","","","","","","","","248559.55","270992.82"
"1976-06-30","1976Q2","","","","","","","","","251958.00","270545.00"
"1976-09-30","1976Q3","","","","","","","","","254833.25","273931.95"
"1976-12-31","1976Q4","","","","","","","","","256632.43","279742.79"
"1977-03-31","1977Q1","","","","","","","","","259536.58","279822.37"
"1977-06-30","1977Q2","","","","","","","","","260576.33","277878.68"
"1977-09-30","1977Q3","","","","","","","","","262708.58","279814.28"
"1977-12-31","1977Q4","","","","","","","","","264804.22","284614.82"
"1978-03-31","1978Q1","","","","","","","","","268466.20","287153.35"
"1978-06-30","1978Q2","","","","","","","","","271391.57","290498.49"
"1978-09-30","1978Q3","","","","","","","","","273080.28","294492.43"
"1978-12-31","1978Q4","","","","","","","","","276191.28","297163.15"
"1979-03-31","1979Q1","","","","","","","","","279248.97","296108.35"
"1979-06-30","1979Q2","","","","","","","","","280674.25","309188.12"
"1979-09-30","1979Q3","","","","","","","","","284287.15","302325.19"
"1979-12-31","1979Q4","","","","","","","","","285273.60","305523.30"
"1980-03-31","1980Q1","","","","","","","","","288654.81","302623.28"
"1980-06-30","1980Q2","","","","","","","","","286329.70","296569.65"
"1980-09-30","1980Q3","","","","","","","","","286762.63","296276.96"
"1980-12-31","1980Q4","","","","","","","","","286314.87","293031.63"
"1981-03-31","1981Q1","","","","","","","","","287379.22","292663.39"
"1981-06-30","1981Q2","","","","","","","","","289552.10","293262.28"
"1981-09-30","1981Q3","","","","","","","","","291496.65","296421.28"
"1981-12-31","1981Q4","","","","","","","","","293254.16","296792.21"
"1982-03-31","1982Q1","","","","","","","","","295472.28","297369.52"
"1982-06-30","1982Q2","","","","","","","","","297566.05","300539.31"
"1982-09-30","1982Q3","","","","","","","","","297393.00","301317.60"
"1982-12-31","1982Q4","","","","","","","","","299173.69","303435.29"
"1983-03-31","1983Q1","","","","","","","","","300323.71","308991.19"
"1983-06-30","1983Q2","","","","","","","","","300487.95","311633.58"
"1983-09-30","1983Q3","","","","","","","","","300970.33","315044.81"
"1983-12-31","1983Q4","","","","","","","","","302843.37","317766.79"
"1984-03-31","1984Q1","","","","","","","","","304191.79","319966.76"
"1984-06-30","1984Q2","","","","","","","","","305639.79","317165.20"
"1984-09-30","1984Q3","","","","","","","","","307615.59","319216.80"
"1984-12-31","1984Q4","","","","","","","","","307332.17","325529.40"
"1985-03-31","1985Q1","","","","","","","","","308102.57","328198.77"
"1985-06-30","1985Q2","","","","","","","","","310665.21","335149.38"
"1985-09-30","1985Q3","","","","","","","","","312442.71","335442.08"
"1985-12-31","1985Q4","","","","","","","","","314020.69","336252.74"
"1986-03-31","1986Q1","","","","","","","","","314990.62","340065.93"
"1986-06-30","1986Q2","","","","","","","","","318446.89","342589.62"
"1986-09-30","1986Q3","","","","","","","","","320175.31","344148.89"
"1986-12-31","1986Q4","","","","","","","","","320575.20","350296.93"
"1987-03-31","1987Q1","","","","","","","","","320839.20","353553.05"
"1987-06-30","1987Q2","","","","","","","","","325615.45","358739.36"
"1987-09-30","1987Q3","","","","","","","","","327805.61","367455.61"
"1987-12-31","1987Q4","","","","","","","","","332640.05","371616.81"
"1988-03-31","1988Q1","","","","","","","","","336911.30","378239.65"
"1988-06-30","1988Q2","","","","","","","","","339859.76","380469.29"
"1988-09-30","1988Q3","","","","","","","","","344160.67","386263.94"
"1988-12-31","1988Q4","","","","","","","","","346999.70","389590.19"
"1989-03-31","1989Q1","","","","","","","","","351513.64","391307.28"
"1989-06-30","1989Q2","","","","","","","","","355435.31","393883.58"
"1989-09-30","1989Q3","","","","","","","","","359440.13","394276.09"
"1989-12-31","1989Q4","","","","","","","","","364260.50","394651.07"
"1990-03-31","1990Q1","","","","","","","","35958.00","365031.56","397311.00"
"1990-06-30","1990Q2","","","","","","","","35474.00","366992.72","399351.80"
"1990-09-30","1990Q3","","","","","","","","34699.00","369377.42","395182.51"
"1990-12-31","1990Q4","","","","","","","","34510.00","369200.05","393822.88"
"1991-03-31","1991Q1","","","","","561811.15","","","33840.00","370171.48","392673.66","","","","","","","","","","","","","","","","","","","","","","","46105.30"
"1991-06-30","1991Q2","","","","","559350.56","","","33428.00","371538.49","392178.63","","","","","","","","","","","","","","","","","","","","","","","46124.67"
"1991-09-30","1991Q3","","","","","558318.69","","","32741.00","373044.67","391322.11","","","","","","","","","","","","","","","","","","","","","","","46606.52"
"1991-12-31","1991Q4","","","","","566176.76","","","32362.00","374844.88","392001.93","","","","","","","","","","","","","","","","","","","","","","","46096.31"
"1992-03-31","1992Q1","","","","","574173.54","","","32457.00","377525.86","392030.26","","","","","","","","","","","","","","","","","","","","","","","46982.03"
"1992-06-30","1992Q2","","","","","570681.22","","","32100.00","377949.78","391567.60","","","","","","","","","","","","","","","","","","","","","","","46518.81"
"1992-09-30","1992Q3","","","","","569173.17","","","31832.00","377515.16","394061.62","","","","","","","","","","","","","","","","","","","","","","","47703.06"
"1992-12-31","1992Q4","","","","","567506.37","","","31597.00","377586.77","396806.53","","","","","","","","","","","","","","","","","","","","","","","47469.75"
"1993-03-31","1993Q1","","","","","563061.34","","","31645.00","375546.78","399676.87","","","","","","","","","","","","","","","","","","","","","63634.05","","47018.38"
"1993-06-30","1993Q2","","","","","563299.48","","","31576.00","375564.61","401658.33","","","","","","","","","","","","","","","","","","","","","64212.95","","46794.34"
"1993-09-30","1993Q3","","","","","566474.33","","","31767.00","376024.65","404822.72","","","","","","","","","","","","","","","","","","","","","64668.18","","47195.24"
"1993-12-31","1993Q4","","","","","566077.45","","","31997.00","377014.01","407509.63","","","","","","","","","","","","","","","","","","","","","64906.12","","47516.82"
"1994-03-31","1994Q1","","","","","573955.42","","","32210.00","379572.90","412300.73","","","","","","","","","","","","","","","","","","","","","65650.88","","48700.94"
"1994-06-30","1994Q2","","","","","577289.17","","","32492.00","383381.66","417112.07","","","","","","","","","","","","","","","","","","","","","66456.14","","49514.93"
"1994-09-30","1994Q3","","","","","580622.88","","","33239.00","386844.50","421878.90","","","","","","","","","","","","","","","","","","","","","67034.30","","49730.50"
"1994-12-31","1994Q4","","","","","587131.55","","","34080.00","390491.10","424437.66","","","","","","","","","","","","","","","","","","","","","68195.44","","50560.23"
"1995-03-31","1995Q1","59802.09","2626262.14","71086.00","2817.06","584770.04","2725.19","179336.88","33794.00","392336.36","424488.13","39213.61","1828975.90","1831812.08","1944502.90","373226.38","4473.61","6790.67","2786.43","","","38628.57","5924.40","2201334.85","23743.58","6633.34","26062.54","7521.39","19574.20","47440.55","23742.04","69102.88","8930.99","51110.21","1957892.47"
"1995-06-30","1995Q2","60182.59","2641197.56","71385.00","2871.99","589532.64","2698.04","180518.94","34698.00","394908.85","426087.45","39585.17","1839264.86","1842106.43","1955827.15","374397.67","4588.40","6863.74","2797.65","","","39073.87","5955.12","2215233.66","24046.93","7414.76","26561.35","7501.76","19530.18","48326.98","23743.06","69572.60","9079.92","50904.67","1969785.50"
"1995-09-30","1995Q3","60427.20","2651530.67","71813.00","2863.77","590564.51","2687.97","181318.04","34548.00","395526.01","430155.63","39798.09","1847074.24","1849904.33","1962672.44","373621.06","4583.55","6934.76","2766.72","","","39254.71","5974.86","2223580.89","24223.42","7451.47","26896.53","7286.90","19522.39","49699.29","23514.50","69784.80","9132.02","51094.04","1976436.17"
"1995-12-31","1995Q4","60927.99","2660987.47","71961.00","2859.56","590802.66","2716.82","182690.64","34569.00","395369.75","430956.59","40028.58","1853720.71","1856550.40","1969571.69","376846.33","4694.73","6995.29","2778.06","","","39526.30","5993.40","2232575.06","24606.36","8111.62","27085.73","7810.09","19440.83","50300.52","22499.31","70466.46","9306.22","51428.35","1983780.69"
"1996-03-31","1996Q1","61185.17","2669465.58","71816.00","2894.24","586635.77","2743.36","183740.94","35182.00","398118.11","433450.03","40245.92","1854715.93","1857551.31","1971427.89","402945.00","4731.32","7079.66","2770.76","","119751.51","39787.24","6055.78","2238422.21","25636.33","8203.49","27560.73","8073.10","19610.18","51368.25","24566.45","70994.03","9463.70","51573.61","1986720.03"
"1996-06-30","1996Q2","61701.08","2687497.97","72320.00","2879.70","594811.00","2790.31","185011.16","35461.00","398885.80","434954.89","40476.89","1868047.54","1870896.77","1986222.91","403617.70","4701.17","6591.05","2766.39","","121475.61","40329.96","6092.36","2255398.99","25999.68","8111.57","27727.46","7998.99","19454.02","52406.01","24972.21","70402.54","9574.79","52895.04","2001770.22"
"1996-09-30","1996Q3","61898.47","2704064.01","72653.00","2873.09","596874.67","2877.76","186528.78","35648.00","400425.58","439987.06","41027.41","1879896.14","1882797.65","1995871.45","404415.90","4867.10","7102.76","2864.58","","123241.50","40881.19","6172.07","2265552.02","25750.27","7720.50","27886.00","7751.27","19416.26","52974.62","23944.72","70870.43","9815.10","52989.40","2011327.22"
"1996-12-31","1996Q4","62001.62","2717470.06","73226.00","2907.67","602271.95","2937.93","187456.80","36354.00","401965.83","445943.12","41462.06","1887851.96","1890827.75","2005818.39","403024.20","4899.62","7205.93","3014.57","","123984.35","40968.81","6282.18","2276256.53","26164.26","7558.09","27887.82","8122.24","19659.67","51133.10","23636.26","71449.50","10008.44","53002.11","2022696.90"
"1997-03-31","1997Q1","62331.61","2734314.07","73960.00","2912.78","599414.96","3043.98","189326.11","36776.00","403681.76","454428.84","41698.77","1892846.76","1895821.36","2010914.93","404186.50","4998.35","7232.78","2987.90","","125008.44","41647.62","6311.42","2285321.69","27500.13","6792.30","27726.38","8224.05","19833.55","54347.72","23452.06","71874.22","10107.08","53725.33","2028129.43"
"1997-06-30","1997Q2","62531.13","2766417.78","75104.00","2935.23","606161.58","3170.54","191034.27","37363.00","407918.86","458428.44","42413.63","1916456.68","1919507.02","2035801.97","410584.00","5117.16","7329.40","3115.00","","126580.67","42026.95","6449.14","2312371.91","28493.83","6720.83","27676.87","8494.89","20040.04","55101.26","22873.62","72976.68","10257.44","54573.61","2052220.29"
"1997-09-30","1997Q3","63366.75","2786232.86","75766.00","2987.34","608304.61","3257.01","193154.78","38247.00","411975.01","461655.55","43090.17","1930831.02","1933925.28","2052612.46","412505.30","5292.52","7416.50","3168.71","","128468.53","42585.19","6508.14","2330708.34","28938.80","6870.91","27531.03","8603.53","20213.46","55312.80","23134.83","73483.49","10428.36","54334.79","2069497.45"
"1997-12-31","1997Q4","63981.79","2817608.47","76188.00","3024.53","612828.75","3361.68","195867.74","39384.00","416046.18","467106.97","43501.01","1951828.60","1954953.31","2075289.38","418612.90","5394.22","7507.34","3174.78","","129934.59","42835.41","6537.09","2355837.85","29508.43","6640.21","27440.45","8538.04","20379.56","56266.84","22717.58","74662.80","10372.06","54494.81","2092108.75"
"1998-03-31","1998Q1","64448.56","2838320.98","76386.00","3072.43","618861.40","3386.24","197517.12","39068.00","420033.92","471355.00","44023.42","1963302.66","1966514.34","2088724.35","416498.00","5484.17","7571.97","3363.30","","131753.46","43484.93","6574.01","2371523.66","30239.28","7416.85","27414.06","8490.51","20543.26","57372.03","20375.44","75089.61","10555.90","55327.33","2105937.71"
"1998-06-30","1998Q2","65135.05","2853004.35","76640.00","3119.94","616003.98","3367.76","199685.98","39844.00","423041.68","475733.73","44218.14","1973008.84","1976229.43","2097673.87","418999.50","5603.41","7845.43","3342.06","","132701.98","44107.39","6623.05","2381739.06","30987.63","6932.29","27497.25","8610.74","20862.88","57380.08","21880.75","75906.70","10556.65","54886.28","2114723.20"
"1998-09-30","1998Q3","65637.30","2871277.99","76864.00","3185.58","618861.39","3366.85","201588.46","40385.00","425229.77","479101.88","44372.53","1983228.69","1986451.35","2109300.57","419321.30","5656.78","7990.65","3312.95","","133860.65","44628.15","6678.73","2396720.43","32084.78","6986.02","27519.34","8761.53","21056.17","57930.74","23288.65","76654.21","10469.14","55799.55","2126469.47"
"1998-12-31","1998Q4","65849.94","2880222.23","77036.00","3206.73","618702.67","3302.63","203690.01","40751.00","428144.91","483712.23","44722.19","1988851.61","1992053.65","2112143.42","418007.50","5654.07","8040.83","3225.00","","134924.14","45004.72","6728.85","2403849.53","31418.03","6882.42","27517.31","8785.70","21060.14","58109.41","23622.08","77545.32","11261.17","56166.44","2131901.65"
"1999-03-31","1999Q1","66262.92","2905599.83","77841.00","3251.33","626044.66","3278.65","205696.76","41414.00","431090.74","486558.92","45063.12","2006982.80","2010258.02","2134007.98","420023.30","5566.07","8269.73","3341.57","","137480.89","45567.54","6827.13","2426986.29","33268.86","6722.39","27523.80","8525.15","21064.39","58576.92","22470.13","78243.99","10883.50","56629.54","2153871.05"
"1999-06-30","1999Q2","67124.59","2920998.86","78906.00","3271.57","625250.90","3307.98","208054.25","41628.00","433886.12","487407.75","45483.65","2020056.88","2023306.08","2145290.47","421656.90","5596.83","8438.44","3286.66","","138876.73","45807.02","7133.93","2439674.94","33577.24","6544.83","27650.96","8684.39","21294.42","59803.85","22621.09","78625.87","10698.43","56881.95","2164452.23"
"1999-09-30","1999Q3","68252.19","2957545.99","80052.00","3312.37","633664.84","3340.39","210884.75","41843.00","440277.43","495774.43","45657.76","2041488.90","2044803.22","2171187.56","426042.50","5497.86","8670.40","3405.84","","140760.05","46249.72","6953.36","2470371.12","34838.37","6489.86","27902.15","8582.08","21699.52","61000.41","22581.78","79660.91","10631.85","57122.99","2191973.51"
"1999-12-31","1999Q4","68468.80","2994340.69","81000.00","3378.31","636681.13","3428.26","213226.13","42189.00","446512.94","503095.60","46387.79","2067240.65","2070608.32","2195667.06","432350.70","5494.16","8641.22","3519.28","","142450.47","46524.35","7069.89","2495815.85","35642.43","6136.85","28239.26","8597.18","21945.70","61903.61","22348.76","80741.62","10583.71","58137.89","2214157.97"
"2000-03-31","2000Q1","69140.96","3026980.85","81576.00","3415.09","646741.65","3558.42","216594.10","43453.00","451027.08","507146.96","46563.91","2091054.76","2094469.50","2223930.01","437661.20","5608.72","9097.41","3551.43","1464.70","143822.35","47586.36","7171.44","2527442.04","36056.65","6756.73","28618.11","8858.29","22133.29","62312.83","22050.64","81077.42","10696.61","58539.25","2243639.91"
"2000-06-30","2000Q2","69627.40","3054554.27","82163.00","3533.76","651742.22","3647.07","219331.71","43788.00","455825.01","510220.09","46993.23","2110081.28","2113510.14","2243641.84","440545.10","5686.23","8980.38","3538.44","1530.66","145313.31","47270.82","7252.39","2552196.24","37103.34","6819.55","28886.46","8773.38","22344.02","62999.90","23955.05","83237.43","10802.53","59195.42","2263286.54"
"2000-09-30","2000Q3","70032.02","3069998.18","82544.00","3503.19","652139.11","3692.21","221568.81","44467.00","459389.87","511717.19","47871.25","2120906.17","2124412.59","2256945.02","444528.50","5749.82","9127.22","3647.73","1494.49","146530.65","48023.70","7341.78","2567521.46","37783.28","6876.78","29236.47","8861.32","22544.87","63205.83","22867.00","84073.78","10867.97","59295.46","2277377.09"
"2000-12-31","2000Q4","70973.65","3088730.99","83351.00","3549.89","649361.00","3775.07","223940.52","44977.00","461977.94","512925.74","48550.51","2138737.50","2142242.63","2270748.90","448835.80","5854.87","9169.75","3603.85","1546.18","148066.22","48295.20","7392.48","2583414.55","37993.44","6939.09","29345.00","8915.10","22972.01","64381.16","23201.94","84158.21","10929.62","60261.73","2290464.97"
"2001-03-31","2001Q1","70832.59","3117930.58","83398.00","3553.60","663350.77","3831.13","226214.59","45194.00","464632.37","518901.20","49151.51","2157577.30","2161119.63","2294035.72","452367.50","6009.23","9327.52","3687.93","1498.61","148788.50","48122.16","7458.25","2607847.07","38618.32","6993.97","29726.91","9006.90","23129.03","64141.46","23675.83","84312.39","11007.20","59322.04","2314881.97"
"2001-06-30","2001Q2","70633.61","3124909.48","83413.00","3600.61","661445.74","3835.35","227972.99","45231.00","464855.54","522908.57","49021.96","2158299.70","2161979.14","2295948.02","452065.40","6002.25","9217.44","3858.75","1485.13","149301.40","48630.02","7508.43","2608023.83","39414.14","7062.24","29758.88","9102.42","23314.15","63938.19","23564.36","83842.83","11123.56","59707.78","2315263.28"
"2001-09-30","2001Q3","70687.15","3133976.23","83254.00","3701.93","661366.31","3914.00","230164.59","45535.00","467247.75","526943.11","49816.90","2160485.97","2164132.28","2298912.89","450324.40","6136.21","9356.22","3770.97","1510.73","149587.97","48727.65","7549.43","2614543.80","39240.07","7154.80","29881.16","9163.91","23520.05","64252.84","24421.97","84527.50","11165.94","60106.04","2319497.64"
"2001-12-31","2001Q4","71017.40","3140100.51","83171.00","3699.13","659381.90","3972.11","231629.13","45392.00","465232.44","529009.54","49948.87","2163203.11","2166934.05","2298886.80","449673.40","6271.24","9587.81","3898.17","1498.70","149705.11","49412.08","7612.18","2614897.71","39951.62","7249.99","30092.01","9219.63","23695.74","64271.50","25020.84","84982.06","11408.82","60410.35","2318343.02"
"2002-03-31","2002Q1","71762.67","3145372.70","83886.00","3713.26","656584.04","3998.76","232723.99","45704.00","467926.28","531081.16","50356.97","2167914.84","2171664.71","2303054.66","450235.00","6305.35","9626.16","3892.28","1536.47","149438.66","49525.43","7706.44","2621019.77","40539.04","7363.71","30067.05","9417.39","24241.85","64692.62","25189.52","85670.72","11444.60","59984.03","2323069.43"
"2002-06-30","2002Q2","72052.74","3163106.00","84604.00","3783.21","658885.91","4139.01","234674.81","46121.00","470272.13","533683.29","51484.12","2178705.60","2182537.06","2315384.69","451479.70","6469.61","9800.57","4050.51","1541.86","149687.74","49250.05","7722.52","2635149.97","41035.75","7477.79","30218.18","9552.06","24368.81","65153.08","25801.06","86565.91","11559.56","60088.61","2334933.64"
"2002-09-30","2002Q3","72287.48","3178958.28","85057.00","3759.56","663410.23","4223.17","235989.59","46023.00","472042.87","537231.30","51781.20","2187127.28","2190991.13","2324509.84","452267.20","6570.94","9658.46","4094.50","1544.83","149807.87","48989.96","7801.35","2646971.91","41892.86","7588.69","30391.75","9744.82","24588.29","65782.08","25533.81","86456.23","11819.73","60350.28","2345624.79"
"2002-12-31","2002Q4","71999.27","3187750.46","85375.00","3841.04","661664.00","4253.89","237832.35","46564.00","472575.18","541472.87","52180.45","2188621.15","2192593.23","2328677.96","454881.70","6667.85","9616.66","4259.24","1533.59","149965.28","48628.93","7923.12","2651591.62","42514.57","7666.77","30516.43","9875.18","24884.55","66103.99","25945.53","86567.50","11897.59","60216.89","2349270.06"
"2003-03-31","2003Q1","72511.87","3186999.94","85150.00","3835.93","652774.05","4350.53","240124.43","46225.00","473990.61","545503.53","53266.82","2183744.72","2187751.89","2322724.07","452980.20","6992.16","9608.80","4285.50","1569.95","150309.04","48710.00","7911.99","2648042.92","42267.11","7774.50","30871.21","10012.38","25048.16","66362.80","25419.45","87502.61","12109.37","60394.16","2344143.34"
"2003-06-30","2003Q2","72557.82","3195455.73","85332.00","3821.20","653567.81","4451.84","241044.87","46891.00","471997.73","550482.65","54210.27","2185465.12","2189535.64","2323553.70","452181.70","7093.83","9853.42","4389.34","1595.61","149557.24","48300.38","7958.56","2651063.24","42642.98","7852.03","31148.89","10166.40","25315.42","67493.46","26330.55","87479.36","12292.33","59930.82","2345422.49"
"2003-09-30","2003Q3","72789.86","3218147.24","85681.00","3895.76","659520.87","4496.16","242840.24","47452.00","476909.78","556753.13","54550.34","2196418.82","2200567.01","2337925.41","451074.50","7270.25","9948.11","4484.76","1605.73","149579.28","48709.82","8060.31","2669046.90","42971.07","7945.56","31484.48","10233.67","25614.61","68352.48","26496.65","88208.36","12340.37","60108.89","2360738.39"
"2003-12-31","2003Q4","72924.58","3243141.82","86277.00","3940.36","660314.65","4613.26","244876.38","47553.00","478624.97","561932.81","55716.18","2213360.67","2217559.43","2353614.72","455313.70","7397.04","10312.64","4540.70","1610.35","150513.96","48846.68","8108.18","2686851.64","45278.22","8104.24","31687.72","10336.03","25869.02","68859.42","26514.51","88925.12","12548.66","61267.37","2375455.51"
"2004-03-31","2004Q1","73653.30","3262141.77","87570.00","4002.00","659501.11","4720.40","246308.69","48162.00","483738.42","563906.09","56734.98","2224052.94","2228319.30","2365784.50","457215.40","7453.16","10260.98","4695.43","1610.10","151912.94","49329.79","8229.52","2704049.82","44942.47","8205.58","32063.68","10499.74","26297.28","70437.13","27492.92","90187.19","12711.67","61530.39","2388236.41"
"2004-06-30","2004Q2","74262.86","3281543.69","88412.00","4039.68","663231.56","4687.73","248924.02","48550.00","485879.59","565981.58","56724.44","2236312.00","2240670.42","2379869.85","458387.40","7606.93","10267.81","4755.93","1557.91","152606.93","49635.78","8290.61","2721496.41","46281.88","8366.06","32464.81","10528.57","26582.22","71028.42","28257.42","90911.86","12795.36","61984.10","2402575.35"
"2004-09-30","2004Q3","75064.62","3290829.70","89183.00","4087.99","661088.52","4793.49","251023.67","49095.00","487722.78","566997.33","57481.40","2243871.04","2248263.17","2385829.23","458712.30","7664.22","10506.11","4781.91","1602.92","152813.35","49661.18","8367.50","2729176.39","45945.65","8539.75","32927.68","10614.16","26897.56","70975.79","29442.99","91629.78","13092.48","62106.69","2407837.89"
"2004-12-31","2004Q4","75293.02","3303940.99","89501.00","4142.21","660771.06","4893.88","252804.82","49850.00","492090.99","568420.68","57262.20","2251537.99","2256021.54","2395545.09","459890.70","7845.76","10398.89","4897.18","1640.74","153171.31","49420.42","8402.14","2742516.16","47159.78","8659.88","33493.42","10812.41","26993.42","71709.59","30087.18","92172.93","13293.22","62790.55","2418148.41"
"2005-03-31","2005Q1","75151.10","3316175.23","89972.00","4195.73","662001.12","4980.00","255063.72","50340.00","493364.61","572952.09","56925.45","2254918.18","2259481.32","2400597.08","459056.80","8045.14","10309.46","5014.88","1596.67","153555.89","49872.92","8480.75","2749767.26","47865.52","8840.16","34083.86","10661.06","27253.13","72227.62","29731.85","92475.05","13457.47","62526.43","2424154.13"
"2005-06-30","2005Q2","76168.66","3339725.89","90511.00","4238.73","665652.47","5176.94","257327.37","49718.00","494622.28","579684.52","57060.83","2270493.06","2275128.99","2415559.74","463015.90","8123.16","10397.54","5138.75","1656.04","154963.90","50009.18","8620.02","2769118.12","48963.96","8964.38","34568.47","11079.20","27806.18","72544.04","29874.82","93233.72","13739.96","63858.13","2439886.46"
"2005-09-30","2005Q3","76646.79","3368248.62","90869.00","4289.54","671129.48","5300.50","259791.97","50443.00","498353.43","585798.43","57854.45","2287032.00","2291847.98","2434910.62","465476.30","8352.21","10602.58","5393.76","1669.11","156846.20","49819.65","8698.70","2792047.86","48582.94","9082.17","35061.71","11191.44","28005.25","73927.25","30200.85","94514.46","13964.50","63769.86","2459309.79"
"2005-12-31","2005Q4","77327.23","3395631.08","91566.00","4337.75","673669.50","5422.19","262356.10","50589.00","501835.33","593826.10","58144.31","2300819.85","2305763.71","2449979.49","467646.70","8551.48","11153.71","5599.29","1671.72","157906.18","49893.86","8854.77","2810201.17","50224.00","9232.07","35659.95","11313.41","28317.13","75223.35","31272.81","94864.92","14167.89","64118.85","2473926.02"
"2006-03-31","2006Q1","78198.06","3424804.98","92129.00","4376.13","681190.08","5547.47","265408.42","51872.00","506044.55","596587.39","60038.78","2321590.28","2326559.19","2471218.29","468869.60","8549.26","11155.07","5551.15","1650.34","158817.32","50320.98","8920.81","2837881.37","50735.87","9376.41","36357.74","11365.71","28525.32","76367.56","32219.48","96510.20","14504.88","64790.19","2496250.37"
"2006-06-30","2006Q2","78429.28","3460920.10","92456.00","4467.13","692778.69","5663.62","267797.19","51957.00","512205.45","598199.65","60223.13","2346597.18","2351747.82","2500274.65","470604.30","8787.23","11170.29","5823.97","1695.39","161400.81","50773.36","9112.53","2873762.73","51187.30","9539.41","37036.21","11548.97","28946.67","78143.33","32394.52","97994.97","14843.78","66735.29","2525599.35"
"2006-09-30","2006Q3","79391.34","3479514.00","93270.00","4482.37","698176.18","5792.59","270325.31","52453.00","512707.64","598754.75","60510.66","2361359.89","2366642.57","2515377.34","472085.50","8942.56","11262.80","6022.35","1704.73","162227.03","50706.85","9268.06","2892153.32","51687.75","9739.75","37475.10","11721.88","29101.71","79402.60","33044.97","98946.00","15127.07","66268.77","2541007.15"
"2006-12-31","2006Q4","80156.71","3512366.82","94329.00","4540.40","708336.09","5936.81","272841.10","52892.00","515468.39","601545.80","62049.41","2387177.03","2392637.68","2544093.67","478756.40","9207.53","11435.11","6297.40","1700.04","163635.26","51037.92","9477.05","2921734.73","52044.83","9899.71","37947.43","11858.78","29383.60","78247.08","33232.20","100059.05","15553.36","66183.33","2569546.01"
"2007-03-31","2007Q1","80952.84","3539973.67","95666.00","4619.37","709268.92","6132.95","275320.87","53938.00","520974.23","607217.19","61562.15","2404779.69","2410344.76","2560215.64","477756.60","9489.53","11978.88","6395.52","1766.06","165483.03","51643.24","9634.21","2944873.07","54598.01","10042.42","38657.64","12117.75","29017.16","81742.38","34600.12","100516.11","15879.75","66435.63","2586842.77"
"2007-06-30","2007Q2","81819.95","3564105.47","96103.00","4664.57","713951.85","6156.50","277737.13","54865.00","524373.54","610640.98","63354.66","2419521.74","2425182.72","2579059.43","479138.70","9751.71","12262.57","6527.60","1775.14","166500.46","51790.16","9771.39","2964390.70","54068.45","10236.62","38925.92","12227.15","28997.37","82832.80","34668.54","101532.65","16272.94","65719.45","2604419.68"
"2007-09-30","2007Q3","82125.31","3584299.40","96845.00","4695.94","717523.59","6169.68","279818.77","55388.00","525847.81","615312.14","62959.89","2431084.65","2436861.61","2589863.60","479299.10","10016.29","12172.35","6646.80","1791.08","168335.70","51936.24","9973.47","2978990.39","52838.64","10368.65","39437.72","12262.85","29140.99","84273.08","34882.89","101924.94","16658.44","66844.17","2615123.02"
"2007-12-31","2007Q4","82849.06","3605742.74","97238.00","4796.67","722841.51","6132.82","281527.88","56094.00","526100.55","618453.85","62647.69","2444278.60","2450038.86","2602776.89","478288.60","10168.08","12245.40","6571.30","1758.34","170783.54","52553.79","10008.91","2997125.72","54836.65","10589.47","39948.00","12236.98","29235.34","85378.72","36110.91","102838.55","17720.32","67584.25","2628659.48"
"2008-03-31","2008Q1","83448.30","3625189.59","97658.00","4844.27","727247.14","5996.20","282053.98","56039.00","530649.78","621772.83","63030.84","2457592.27","2463313.28","2618470.00","483194.00","10133.43","12405.92","6694.60","1838.94","171979.99","52542.17","10194.14","3015894.36","53295.04","10762.33","40182.82","12583.42","29538.25","86604.05","37474.65","102234.65","17216.51","67330.57","2644734.05"
"2008-06-30","2008Q2","84153.68","3613897.51","97720.00","4899.39","724627.78","6058.61","282153.51","55602.00","527019.80","618293.40","62627.61","2449020.65","2454619.07","2607912.46","478677.00","10180.05","12249.33","6461.82","1844.52","172103.65","52278.89","10302.25","3005420.91","52167.93","10890.24","40449.33","12630.73","29685.62","87099.14","38455.04","101915.53","17433.73","66697.52","2633128.63"
"2008-09-30","2008Q3","83525.67","3589286.53","97149.00","4873.54","720658.96","6060.70","281556.31","55794.00","525783.15","608632.77","62566.56","2435859.77","2441231.23","2593857.75","471556.00","10038.50","12145.87","6198.78","1851.91","171641.92","52207.31","10263.75","2991393.89","51977.52","11014.33","40554.23","12444.38","29612.35","87097.06","38775.62","101109.34","17685.61","66344.79","2619712.43"
"2008-12-31","2008Q4","81681.50","3522924.95","95042.00","4844.47","709546.25","5341.52","277190.17","54580.00","519375.42","596091.80","61692.49","2392446.82","2397671.95","2547424.16","460733.50","9933.24","11698.31","6047.67","1867.56","169753.01","51558.84","9893.81","2938202.41","49531.19","11070.58","39664.56","12165.95","28569.30","87215.05","38633.11","97206.12","17904.66","65098.48","2573329.54"
"2009-03-31","2009Q1","80276.71","3427982.46","94117.00","4773.61","676189.47","5200.59","269777.41","51039.00","509210.64","586024.87","58763.47","2322534.25","2327562.13","2469654.49","449463.70","8719.59","11479.89","5831.00","1797.90","165875.64","50253.93","9420.75","2852373.26","49112.45","10582.30","38392.73","11581.89","27365.61","88478.69","35421.11","96283.09","16161.16","63822.42","2493798.32"
"2009-06-30","2009Q2","79595.08","3424794.90","94162.00","4762.99","678015.10","5024.11","269954.67","50812.00","510106.33","584912.07","60395.24","2317592.17","2322259.34","2468031.69","446835.40","8618.75","11637.39","5492.18","1810.14","164336.23","50307.86","9321.55","2850850.38","49067.47","10591.91","38202.31","11604.32","27381.31","88662.51","35655.08","96452.95","16438.11","62658.68","2492947.53"
"2009-09-30","2009Q3","79979.68","3436311.76","95352.00","4742.45","682063.22","4933.41","270486.45","51296.00","510948.63","585635.39","59957.11","2324751.54","2329134.86","2476904.66","447953.90","8623.44","11842.79","5217.44","1824.84","164508.43","50737.86","9356.64","2862413.28","48731.67","10683.80","38365.98","11462.01","27365.30","89293.59","36689.98","96275.42","16734.23","62833.25","2502533.11"
"2009-12-31","2009Q4","80401.98","3452339.47","96117.00","4790.15","687381.26","4958.20","270421.05","50939.00","515105.10","587641.02","60033.98","2337198.77","2341612.96","2488945.82","449072.20","8481.01","11953.32","5237.05","1869.23","165587.52","50775.31","9352.45","2876710.94","47771.45","10353.48","38359.71","11587.54","27341.37","90669.77","36967.20","96665.72","17075.01","62951.21","2514942.05"
"2010-03-31","2010Q1","80031.89","3467703.55","96615.00","4836.96","692321.89","5009.73","270179.33","51384.00","516315.19","591410.29","56633.29","2346800.69","2351236.69","2498914.50","451187.20","8541.06","12137.63","5205.23","1930.13","165593.23","51227.45","9352.63","2885649.41","48868.52","10503.31","38661.65","11469.94","27382.31","90243.88","34872.62","98211.08","17421.08","63506.04","2524007.81"
"2010-06-30","2010Q2","81097.31","3502201.30","97567.00","4861.41","707403.39","5089.66","270512.99","52851.00","518892.57","597500.92","54575.76","2369260.44","2373681.93","2523849.78","454074.80","8590.92","12259.55","5166.22","1904.98","167113.89","51404.97","9482.49","2916313.78","48847.61","10676.65","39213.50","11338.74","27595.54","91545.47","35452.43","101519.89","17638.70","63787.05","2548669.14"
"2010-09-30","2010Q3","81932.73","3521069.53","97974.00","4885.76","714229.76","5169.64","270342.37","52592.00","522317.96","601860.23","52787.76","2380129.33","2384546.63","2534459.14","455302.50","8631.98","12095.48","5147.99","1949.35","167261.74","51593.77","9519.81","2930952.68","49205.35","10758.89","39607.79","11491.73","27804.49","92639.54","34111.37","102920.90","17842.92","64664.32","2560669.26"
"2010-12-31","2010Q4","82846.03","3540771.02","98469.00","4920.34","718912.99","5286.02","270622.01","53722.00","525543.55","602062.09","52490.81","2392546.36","2397043.92","2549178.88","459281.70","8773.29","12170.93","5198.25","1969.91","168706.96","51360.06","9578.19","2947643.45","49236.71","10865.52","39793.37","11371.91","27776.33","93652.06","35146.63","103998.86","17966.23","64301.24","2574484.25"
"2011-03-31","2011Q1","83490.74","3567486.14","98943.00","4917.43","731910.25","5422.11","270408.72","53947.00","532402.60","604235.93","50350.92","2413030.95","2417578.49","2573695.58","461593.30","9021.79","12346.43","5128.29","1955.04","170565.07","51129.53","9651.07","2975060.71","49658.77","10871.54","39844.91","11331.56","28115.49","95068.57","35984.39","104592.93","18020.76","64741.09","2598025.88"
"2011-06-30","2011Q2","83777.92","3570437.71","99148.00","4948.30","733894.60","5498.88","269709.15","53815.00","532358.87","604753.51","49493.50","2412651.84","2417359.26","2574051.00","460723.10","9205.72","12190.94","5302.29","1934.56","170464.47","50770.70","9592.67","2980126.22","50375.49","10976.17","40067.93","11509.02","28062.69","96250.52","36640.83","105320.69","18145.40","65355.48","2599628.50"
"2011-09-30","2011Q3","84296.57","3577821.44","99432.00","4842.37","737863.30","5570.90","268063.56","53883.00","534215.57","606787.60","48464.43","2412290.78","2417098.56","2576574.30","458746.10","9190.90","12330.91","5385.69","1959.98","170218.85","50418.45","9573.50","2981909.84","49625.41","10986.88","40054.94","11451.74","28095.32","97342.25","37322.49","105780.99","18228.73","64512.73","2600041.30"
"2011-12-31","2011Q4","84249.19","3567673.00","99722.00","4877.45","737863.35","5570.01","266553.51","53938.00","535850.05","607582.08","46215.76","2404528.79","2409342.34","2566748.40","454350.40","9301.82","12297.12","5395.06","1983.91","169322.10","49744.80","9585.33","2972585.29","49903.71","10976.51","40089.03","11371.38","28415.93","98129.80","35857.61","104037.53","18367.27","65008.41","2592258.05"
"2012-03-31","2012Q1","84998.86","3565250.03","99936.00","4838.46","739450.77","5608.27","264045.31","53599.00","536053.98","611791.30","46210.38","2400627.63","2405469.51","2560791.63","449162.10","9449.08","12367.02","5674.66","2005.21","169170.22","49479.91","9495.09","2968843.37","48944.46","11048.50","40035.17","11246.22","28025.40","98429.94","37926.22","104542.51","18407.16","64852.25","2586298.32"
"2012-06-30","2012Q2","84591.73","3557233.11","99935.00","4770.61","740165.14","5701.47","261485.91","53049.00","533688.61","610892.01","45349.62","2392581.74","2397466.14","2552624.41","445756.50","9463.09","12368.52","5639.56","2025.42","169086.16","48732.21","9359.60","2959243.85","50118.69","11020.80","39743.74","11143.89","27764.19","98247.63","37690.53","104857.63","18435.41","64836.96","2577445.99"
"2012-09-30","2012Q3","84373.97","3560727.26","100178.00","4697.34","741752.63","5749.25","260284.89","52854.00","534895.42","618338.69","44648.77","2389194.81","2394159.38","2550057.49","442682.40","9668.36","12509.75","5709.12","2057.55","168278.44","48229.47","9373.73","2955557.89","49372.61","10994.83","39597.13","11180.76","27833.54","98298.13","36805.48","105253.18","18450.96","64953.89","2574187.07"
"2012-12-31","2012Q4","84304.83","3547726.48","100132.00","4603.94","739292.03","5809.83","258126.47","52797.00","534931.36","616999.45","44271.04","2378291.63","2383284.47","2539837.60","439552.90","9744.39","12723.74","5733.98","2064.80","167346.96","47436.50","9187.23","2945122.30","49647.95","10959.99","39547.91","11084.40","27767.89","98221.08","36563.72","104758.62","18428.22","64960.51","2564648.95"
"2013-03-31","2013Q1","84291.82","3543142.76","99857.00","4498.70","735184.23","5831.64","257417.42","52333.00","535376.30","620264.09","43876.46","2372266.39","2377338.14","2530634.31","435578.30","9805.98","12730.94","5755.92","2103.74","167277.01","47605.88","9215.04","2935884.79","49378.09","10930.76","39394.43","11113.40","27943.43","98057.96","36220.71","105222.01","18434.47","65434.28","2554853.54"
"2013-06-30","2013Q2","84315.75","3563566.82","100440.00","4403.39","744074.33","5819.81","257153.90","52566.00","540028.02","625250.97","43883.27","2381842.55","2386877.96","2546324.68","435554.50","9911.75","12953.86","5755.20","2164.68","167993.55","48013.31","9231.54","2954894.48","50537.75","10910.61","39537.69","11173.67","28203.86","98818.60","36965.94","105406.95","18492.87","65554.40","2571679.17"
"2013-09-30","2013Q3","84607.78","3579349.68","100751.00","4388.16","747805.03","5809.94","256990.85","52707.00","539906.39","631095.74","43959.43","2388307.05","2393407.86","2554352.14","436970.70","10052.46","12991.08","5835.98","2198.14","168838.21","47878.04","9231.35","2966066.27","52303.68","10954.47","39746.22","11138.62","28641.76","99549.44","37499.67","106214.71","18577.03","66107.66","2579497.90"
"2013-12-31","2013Q4","85006.51","3592815.22","100971.00","4374.53","748678.22","5802.58","257479.98","52616.00","543847.95","635147.10","44201.04","2392815.86","2397945.71","2562600.64","436607.50","10129.05","12875.87","5879.29","2197.88","169858.69","48472.89","9413.10","2975705.68","52074.92","10972.91","40193.36","11090.73","28874.26","100106.98","37937.41","107255.59","18683.85","66122.69","2586336.54"
"2014-03-31","2014Q1","84830.20","3609746.99","101405.00","4343.06","756496.49","5911.76","258453.50","52166.00","543324.27","640025.30","44113.27","2398204.20","2403380.38","2572835.56","436416.20","10243.26","13147.75","5883.19","2269.24","170250.84","48125.25","9422.35","2988633.48","54099.92","10967.30","40040.04","11036.53","29151.21","101390.14","38270.07","107616.47","18798.34","66129.99","2597239.84"
"2014-06-30","2014Q2","85305.23","3622666.63","101674.00","4344.36","756734.62","5940.30","259848.84","52266.00","544114.48","644191.81","44094.78","2399453.13","2404649.86","2578094.33","436626.90","10342.43","12969.11","5906.67","2305.15","170798.39","48258.44","9498.77","2996525.79","55668.87","11036.39","40374.77","11115.35","29532.51","102517.17","38256.45","108126.20","18940.43","66187.33","2602671.20"
"2014-09-30","2014Q3","85367.67","3641428.28","102376.00","4326.62","760623.83","6016.14","261926.70","52421.00","547412.52","647826.52","44553.06","2406790.37","2412005.22","2590146.70","436721.60","10389.10","13220.50","5941.46","2340.29","170745.14","48309.34","9556.07","3013136.93","56377.38","11080.30","40824.55","11072.07","29814.27","103332.45","39067.44","108944.29","19121.13","67155.89","2615089.14"
"2014-12-31","2014Q4","85399.11","3659191.63","102911.00","4336.94","766259.30","6113.04","264459.55","52363.00","546319.84","651619.09","44123.08","2415411.54","2420665.99","2599402.05","436268.80","10427.60","13565.92","5962.93","2412.88","173053.66","48700.34","9567.39","3024606.06","56429.67","11179.76","41199.04","11146.17","29976.38","104195.96","39291.24","109728.97","19329.32","67109.76","2624062.44"
"2015-03-31","2015Q1","85603.30","3684519.34","103446.00","4400.28","764533.09","6024.41","267678.70","51937.00","549435.35","655145.10","44370.89","2429223.19","2434505.59","2615363.75","437801.00","10511.85","13472.43","6062.27","2491.19","173731.56","48992.32","9620.64","3048337.17","68074.54","11291.46","41966.08","11254.55","30459.70","105897.59","39687.06","111099.64","19698.17","67615.54","2642476.04"
"2015-06-30","2015Q2","85773.46","3704207.98","104141.00","4456.01","769216.12","6138.33","270676.04","52681.00","549674.94","660037.53","44322.89","2438529.94","2443878.92","2628451.06","439525.60","10604.08","13567.49","6143.75","2541.49","174470.25","49026.90","9678.79","3063688.22","66693.21","11372.48","42475.01","11322.15","30498.91","106483.45","39970.35","113030.54","19941.19","68058.56","2653919.21"
"2015-09-30","2015Q3","86400.98","3723256.51","104340.00","4498.10","772787.96","6187.96","273158.65","52634.00","551145.09","662593.08","43472.57","2445838.95","2451238.53","2638789.28","439694.90","10732.35","13492.44","6198.56","2569.59","175299.47","49107.99","9733.79","3077795.89","68241.17","11495.50","42965.77","11528.30","30730.82","107912.84","40005.00","113467.68","20170.31","68167.52","2665197.78"
"2015-12-31","2015Q4","86506.33","3743046.01","104775.00","4589.61","776359.83","6178.55","275598.61","52940.00","552426.13","666940.75","44292.86","2453515.37","2458899.07","2651979.37","442027.10","10736.16","13576.99","6179.51","2621.47","175711.93","49340.73","9743.15","3093828.88","69299.41","11568.29","43194.07","11357.08","31055.43","108790.71","40276.07","114636.07","20316.38","68351.37","2678146.13"
"2016-03-31","2016Q1","87178.27","3759970.34","104835.00","4699.75","783880.64","6276.01","277512.47","53549.00","554575.83","668268.35","43832.16","","","2664728.19","442807.90","10704.40","13999.19","6295.81","2616.92","176850.65","49512.34","9837.63","3109649.09","67057.02","11659.13","43317.47","11774.74","30992.21","108555.20","40954.23","114684.82","20315.24","69194.64","2692585.51"
"2016-06-30","2016Q2","87357.55","3773572.36","105411.00","4741.24","786420.54","6262.11","278431.01","53548.00","553231.07","671293.60","43740.36","","","2672167.28","444021.80","10834.44","14176.07","6246.30","2629.99","178216.66","49752.99","9972.59","3119271.46","67561.87","11747.04","43442.49","11706.92","31369.99","110148.78","40751.69","115384.66","20365.77","69949.57","2698835.48"
"2016-09-30","2016Q3","87826.28","3789669.05","105596.00","4788.25","788801.77","6329.07","280632.09","54127.00","553937.75","673344.51","43866.49","","","2683528.72","447174.40","10991.80","14279.79","6258.11","2676.86","179808.74","50305.24","10070.62","3134113.97","68099.03","11804.59","43849.68","11763.93","31532.51","110774.19","41088.27","115791.96","20440.07","70520.15","2711156.80"
"2016-12-31","2016Q4","88742.24","3820008.48","106138.00","4894.58","791976.61","6405.53","282226.50","54374.00","556837.78","677362.23","44169.80","","","2703298.89","448866.50","11143.15","14354.28","6323.13","2719.09","181258.93","50834.87","10148.50","3158231.48","74618.71","11915.56","44250.91","11919.00","31818.47","112946.77","41629.43","115954.23","20562.57","70893.25","2731280.38"
"2017-03-31","2017Q1","88956.95","3846246.75","106830.00","4988.89","801461.71","6532.80","284224.72","54897.00","560599.72","680722.62","44126.84","","","2723783.18","450875.20","11297.21","14167.56","6433.05","2956.71","182324.58","51327.11","10344.84","3184835.30","74094.15","11986.42","44961.31","12072.33","32203.29","114292.32","43110.24","116948.10","20724.59","71579.04","2752285.75"
"2017-06-30","2017Q2","89534.22","3876442.66","107088.00","5013.35","808446.80","6644.44","287197.41","55619.00","565630.49","682716.59","44296.17","","","2744476.88","452624.90","11375.21","14354.92","6473.93","2970.30","183252.62","51518.07","10462.07","3210680.13","74384.62","12068.93","46056.20","12101.02","32595.41","115403.53","44332.85","117338.98","20919.51","72442.55","2773015.30"
"2017-09-30","2017Q3","90106.68","3902641.86","107019.00","5068.67","814082.57","6671.01","289010.79","55883.00","569856.79","685607.28","44739.29","","","2764951.30","453396.60","11459.37","14509.69","6509.12","3023.95","184647.70","51885.12","10552.02","3235154.01","78446.71","12150.98","46425.66","12247.65","32895.03","117090.60","44887.64","118148.99","21094.16","72280.69","2793917.42"
"2017-12-31","2017Q4","90720.74","3933866.12","107877.00","5149.35","821861.39","6767.15","290771.09","56323.00","573389.74","688041.20","44295.69","","","2786149.42","456101.70","11635.80","14531.10","6535.36","3073.34","185833.06","52318.02","10767.31","3261007.32","81191.68","12224.78","46761.50","12294.31","33383.24","118686.17","45185.72","118968.43","21345.32","72830.53","2815687.17"
"2018-03-31","2018Q1","91318.42","3938741.91","108279.00","5254.48","817872.58","6810.16","292013.82","56436.00","572893.09","688516.08","44943.26","","","2786084.32","455295.60","11787.68","14552.87","6628.28","3103.06","187136.89","52621.77","10809.62","3266465.22","81453.39","12282.67","46952.30","12337.99","34036.59","120873.31","45977.67","119299.22","21540.27","73422.39","2816382.26"
"2018-06-30","2018Q2","91565.00","3960401.14","108769.00","5282.05","823825.67","6877.44","293918.20","56331.00","574074.18","691150.56","45056.47","","","2799323.84","456236.40","11961.48","14458.44","6731.01","3189.98","187983.63","53177.69","10966.91","3283178.41","82284.39","12389.67","47097.22","12563.48","34343.81","122565.76","46731.23","120156.32","21795.12","73396.73","2829277.67"
"2018-09-30","2018Q3","91900.78","3969331.13","109194.00","5352.20","817872.57","6926.36","295559.05","56279.00","576953.00","695273.09","44945.84","","","2799727.04","456218.20","11979.21","14589.37","6816.86","3284.90","188477.05","53536.90","11093.80","3288683.90","83064.54","12516.73","47411.60","12599.21","34858.13","124074.59","47783.08","120056.81","22012.22","73791.01","2830949.34"
"2018-12-31","2018Q4","93135.07","3991294.69","110261.00","5473.67","823031.91","6997.81","297289.02","56333.00","581533.20","696432.47","45267.93","","","2819082.90","457575.50","12211.72","14682.05","6853.81","3308.99","189052.69","53812.17","11172.31","3310516.01","84076.21","12628.02","47931.05","12663.85","35238.58","125270.79","47760.68","121363.88","22124.87","73900.59","2849177.53"
"2019-03-31","2019Q1","93604.26","4020350.23","110549.00","5526.29","827635.58","7132.45","299111.88","56819.00","586373.37","700279.38","45625.84","","","2838118.35","458561.70","12358.50","14746.57","6767.12","3283.39","191341.27","54283.13","11342.84","3332604.94","85143.85","12785.73","48557.62","12938.68","35984.45","127050.14","47732.29","122159.40","22293.55","74194.26","2866944.72"
"2019-06-30","2019Q2","93212.17","4029235.80","111146.00","5605.66","828191.26","7135.52","299974.49","57216.00","589838.27","701248.55","46109.82","","","2847632.52","459828.00","12546.48","15013.97","6811.71","3337.83","192180.87","54621.43","11316.06","3347559.55","86420.42","12928.87","48798.91","13018.81","36099.55","128215.65","48583.12","123283.53","22361.13","74868.63","2877581.71"
"2019-09-30","2019Q3","93469.40","4044055.69","111962.00","5659.28","830413.70","7147.93","300548.93","57244.00","590058.82","704735.74","45876.49","","","2852345.45","458126.30","12574.52","15055.24","6833.01","3376.09","193103.06","54831.20","11425.74","3357543.22","87537.59","12953.12","49157.58","13017.38","36592.08","129149.18","49381.31","123298.70","22437.46","75111.57","2884666.93"
"2019-12-31","2019Q4","92954.83","4045761.97","112628.00","5753.99","830096.26","7196.28","302263.72","57142.00","587027.87","704857.38","45849.81","","","2852515.10","456422.50","12744.85","15171.40","6777.10","3423.12","193315.89","55265.16","11466.23","3358374.97","89410.06","13104.49","49522.33","12938.17","36828.65","129981.38","49835.96","124458.68","22576.99","75376.51","2882100.77"
"2020-03-31","2020Q1","90677.78","","109420.00","5711.30","811819.83","7101.04","286614.44","57027.00","557032.52","683577.07","44877.42","","","2756860.03","429865.90","12689.48","14989.19","6682.79","3480.80","191124.23","52970.57","11060.97","3255827.06","92625.12","12608.87","47804.88","12764.82","36744.78","130905.64","48810.60","124788.88","21868.49","74750.18","2782735.15"
"2020-06-30","2020Q2","80460.67","","96941.00","5027.48","739590.99","6684.62","235624.64","53329.00","488413.42","555388.01","38715.18","","","2450420.51","376852.00","12007.46","14060.00","6202.96","3024.14","175161.25","45002.63","10046.45","2907104.27","86513.94","11996.68","43628.70","10972.16","31418.29","118937.62","44014.34","114682.91","20248.19","70318.48","2475140.96"
"2020-09-30","2020Q3","89498.67","","108333.00","5379.96","803961.90","6983.08","273094.19","55869.00","564910.29","644269.45","40956.30","","","2737279.91","431187.80","12755.09","15246.48","6643.01","3155.85","186708.61","51469.38","11217.42","3222313.62","96846.83","12428.70","46846.60","11521.21","35088.23","126957.79","46746.28","120232.33","22200.46","74560.87","2762520.32"
"2020-12-31","2020Q4","87508.08","","107916.00","5650.26","813089.72","7112.56","275076.30","56508.00","564238.33","","42342.70","","","2740527.35","430949.00","12800.43","15164.99","6709.39","3302.66","187503.87","51590.12","10959.17","3235288.93","94157.26","12653.35","47325.17","12441.81","35703.19","127183.93","49098.45","122673.13","22366.26","74589.12","2769002.93"
"2021-03-31","2021Q1","86237.86","","109910.00","5819.44","804042.01","7327.83","278381.72","56077.00","566316.25","","43878.64","","","2751264.95","437941.30","13069.72","15696.86","6739.87","3526.09","189122.02","50135.98","11458.27","3256557.70","103476.81","12997.03","47217.40","13187.59","36113.54","130064.58","49320.20","125716.66","22302.14","75311.87","2782927.67"
"2021-06-30","2021Q2","89857.35","","112053.00","5877.47","824520.08","7516.62","282198.06","56958.00","573516.43","","44405.01","","","2814635.02","448413.10","13239.46","15806.11","6928.50","3559.77","196473.52","52430.44","11591.46","3331309.43","106790.67","13173.68","47878.33","13130.16","36946.74","133381.61","49605.19","126814.88","22700.63","78267.57","2848392.90"
"2021-09-30","2021Q3","93836.43","","114527.00","6054.86","824837.59","7473.91","287760.48","57709.00","589869.24","","45839.50","","","2871456.53","462386.30","13464.00","15864.02","7128.95","3764.36","200248.28","54314.44","11866.97","3391028.29","109376.01","13431.80","48708.11","13466.01","37373.23","136155.66","50049.63","127349.53","22846.13","80095.81","2900979.74"
"2021-12-31","2021Q4","93400.02","","115399.00","6174.63","829917.43","7558.43","293606.33","58079.00","593421.99","","46223.07","","","2887795.82","466871.70","13666.71","16349.24","7123.04","3792.58","200624.76","55326.77","12004.70","3421855.05","108680.81","13637.52","49172.28","13910.69","38356.37","138994.60","50403.95","130193.45","22970.35","82263.01","2922307.95"
"2022-03-31","2022Q1","93948.75","","115528.00","6201.69","831425.75","7598.07","297549.70","58040.00","592522.73","","47264.39","","","2904754.34","469210.60","13781.85","16273.63","7186.61","3806.34","202519.18","56248.06","12016.93","3436060.20","112561.35","13727.43","49504.47","14220.74","38792.07","143792.81","51769.12","128536.92","23072.20","80196.59","2933236.50"
"2022-06-30","2022Q2","95906.16","","116328.00","6245.19","831267.02","7470.39","302681.76","58279.00","594918.79","","47419.03","","","2930532.81","476527.60","13568.92","16141.74","7212.48","3739.87","207801.72","56454.25","12080.52","3462946.87","115444.67","13836.38","49625.09","14381.68","39202.49","142383.00","51566.71","129961.68","23080.72","80180.41","2959863.42"
"2022-09-30","2022Q3","95751.42","","116689.00","6309.63","836188.13","7437.80","305267.70","58172.00","598080.75","","47687.25","","","2943682.43","479043.80","13724.83","16195.22","7163.74","3839.36","207859.72","57025.73","12061.25","3479525.37","118704.41","13924.66","49707.61","14468.36","38706.34","143089.70","51664.49","130202.37","23149.55","80586.56","2975332.70"
"2022-12-31","2022Q4","95472.97","","116968.00","6380.29","831901.99","7356.80","307010.93","57650.00","598447.51","","48223.87","","","2941629.81","478138.50","13696.29","15999.27","7213.00","3908.63","207678.11","57304.07","12100.89","3473939.50","118734.68","14005.82","49640.18","14398.23","38449.34","141051.41","52609.02","129407.36","23215.15","79840.70","2972435.26"
"2023-03-31","2023Q1","95532.88","","117383.00","6377.38","833112.38","7268.88","309074.56","57681.00","598674.44","","48221.75","","","2941633.47","479886.70","13610.64","16050.81","7199.26","4012.85","207300.89","58088.79","12172.99","3475835.63","112179.32","14053.87","49644.04","14610.30","38240.23","142313.54","52297.71","129689.23","23260.03","81318.31","2971745.44"
"2023-06-30","2023Q2","94487.83","","117784.00","6393.52","831842.42","7257.81","309834.80","57879.00","602674.56","","48631.72","","","2945345.17","478800.40","13794.85","16062.86","7196.39","4119.06","206769.30","58112.46","12302.40","3478546.51","111011.09","14107.08","49712.04","14857.67","38310.08","141320.07","53072.61","129243.51","23449.01","81368.96","2974665.67"
"2023-09-30","2023Q3","94144.66","","118156.00","6464.17","833429.96","7220.34","311875.68","57110.00","603307.86","","48680.14","","","2946670.10","479678.00","13835.25","15879.43","7175.77","4171.90","205995.99","58041.37","12291.34","3483992.82","108848.55","14174.11","49525.48","14734.25","38720.15","143398.68","53489.59","129572.46","23575.21","82367.60","2976055.47"
"2023-12-31","2023Q4","94204.85","","118544.00","6521.60","830334.36","7183.87","314167.76","56770.00","606001.89","","48859.58","","","2946511.22","479671.80","13812.99","15899.24","7198.74","4183.27","206502.56","58524.96","12391.59","3487304.99","107017.04","14249.11","49664.03","15035.68","38658.84","143695.97","53176.50","129312.76","23710.36","83754.06","2977994.25"
"2024-03-31","2024Q1","94336.10","","118859.00","6587.75","832239.28","7162.86","316932.86","56947.00","607520.27","","49226.84","","","2954679.60","480924.40","13958.16","16013.71","7256.89","4275.65","205858.74","58901.18","12377.26","3498890.33","107620.34","14321.40","49846.36","15179.83","38875.80","144837.05","53426.98","130342.81","23855.13","82895.52","2987474.42"
"2024-06-30","2024Q2","93937.03","","119107.00","6632.65","831683.70","7163.45","319468.55","56995.00","608516.19","","49759.22","","","","481709.50","13994.33","16115.20","7192.14","4293.74","207951.84","59022.32","12395.97","3507365.12","106505.06","14399.65","50033.40","15300.10","38836.59","146966.49","53484.11","130007.27","23952.31","83419.05","2993178.30"
