"DATE","TIME PERIOD","Insurance technical reserves reported by insurance corporations in Austria (stocks) (ICB.Q.AT.X.S128.L40.T.1.W0.S1._T.EUR)","Insurance technical reserves reported by insurance corporations in Belgium (stocks) (ICB.Q.BE.X.S128.L40.T.1.W0.S1._T.EUR)","Insurance technical reserves reported by insurance corporations in Cyprus (stocks) (ICB.Q.CY.X.S128.L40.T.1.W0.S1._T.EUR)","Insurance technical reserves reported by insurance corporations in Germany (stocks) (ICB.Q.DE.X.S128.L40.T.1.W0.S1._T.EUR)","Insurance technical reserves reported by insurance corporations in Estonia (stocks) (ICB.Q.EE.X.S128.L40.T.1.W0.S1._T.EUR)","Insurance technical reserves reported by insurance corporations in Spain (stocks) (ICB.Q.ES.X.S128.L40.T.1.W0.S1._T.EUR)","Insurance technical reserves reported by insurance corporations in Finland (stocks) (ICB.Q.FI.X.S128.L40.T.1.W0.S1._T.EUR)","Insurance technical reserves reported by insurance corporations in France (stocks) (ICB.Q.FR.X.S128.L40.T.1.W0.S1._T.EUR)","Insurance technical reserves reported by insurance corporations in Greece (stocks) (ICB.Q.GR.X.S128.L40.T.1.W0.S1._T.EUR)","Insurance technical reserves reported by insurance corporations in Ireland (stocks) (ICB.Q.IE.X.S128.L40.T.1.W0.S1._T.EUR)","Insurance technical reserves reported by insurance corporations in Italy (stocks) (ICB.Q.IT.X.S128.L40.T.1.W0.S1._T.EUR)","Insurance technical reserves reported by insurance corporations in Lithuania (stocks) (ICB.Q.LT.X.S128.L40.T.1.W0.S1._T.EUR)","Insurance technical reserves reported by insurance corporations in Luxembourg (stocks) (ICB.Q.LU.X.S128.L40.T.1.W0.S1._T.EUR)","Insurance technical reserves reported by insurance corporations in Latvia (stocks) (ICB.Q.LV.X.S128.L40.T.1.W0.S1._T.EUR)","Insurance technical reserves reported by insurance corporations in Malta (stocks) (ICB.Q.MT.X.S128.L40.T.1.W0.S1._T.EUR)","Insurance technical reserves reported by insurance corporations in the Netherlands (stocks) (ICB.Q.NL.X.S128.L40.T.1.W0.S1._T.EUR)","Insurance technical reserves reported by insurance corporations in Portugal (stocks) (ICB.Q.PT.X.S128.L40.T.1.W0.S1._T.EUR)","Insurance technical reserves reported by insurance corporations in Slovenia (stocks) (ICB.Q.SI.X.S128.L40.T.1.W0.S1._T.EUR)","Insurance technical reserves reported by insurance corporations in Slovakia (stocks) (ICB.Q.SK.X.S128.L40.T.1.W0.S1._T.EUR)","Insurance technical reserves reported by insurance corporations in the Euro area (stocks) (ICB.Q.U2.X.S128.L40.T.1.W0.S1._T.EUR)","Insurance technical reserves reported by insurance corporations in Croatia (stocks) (ICB.Q.HR.X.S128.L40.T.1.W0.S1._T.EUR)"
"2008-03-31","2008Q1","","","","","","","","","","","","","","","","","","","","4029105.55"
"2008-06-30","2008Q2","","","","","","","","","","","","","","","","","","","","4042791.09"
"2008-09-30","2008Q3","","","","","","","","","","","","","","","","","","","","4040558.11"
"2008-12-31","2008Q4","","","","","","","","","","","","","","","","","","","","4003387.01"
"2009-03-31","2009Q1","","","","","","","","","","","","","","","","","","","","4034731.93"
"2009-06-30","2009Q2","","","","","","","","","","","","","","","","","","","","4113436.87"
"2009-09-30","2009Q3","","","","","","","","","","","","","","","","","","","","4207222.11"
"2009-12-31","2009Q4","","","","","","","","","","","","","","","","","","","","4286947.59"
"2010-03-31","2010Q1","","","","","","","","","","","","","","","","","","","","4418502.73"
"2010-06-30","2010Q2","","","","","","","","","","","","","","","","","","","","4461702.21"
"2010-09-30","2010Q3","","","","","","","","","","","","","","","","","","","","4526638.11"
"2010-12-31","2010Q4","","","","","","","","","","","","","","","","","","","","4572857.53"
"2011-03-31","2011Q1","","","","","","","","","","","","","","","","","","","","4621863.25"
"2011-06-30","2011Q2","","","","","","","","","","","","","","","","","","","","4648482.04"
"2011-09-30","2011Q3","","","","","","","","","","","","","","","","","","","","4633483.91"
"2011-12-31","2011Q4","","","","","","","","","","","","","","","","","","","","4645786.59"
"2012-03-31","2012Q1","","","","","","","","","","","","","","","","","","","","4709794.35"
"2012-06-30","2012Q2","","","","","","","","","","","","","","","","","","","","4722289.70"
"2012-09-30","2012Q3","","","","","","","","","","","","","","","","","","","","4778110.42"
"2012-12-31","2012Q4","","","","","","","","","","","","","","","","","","","","4815491.98"
"2013-03-31","2013Q1","","","","","","","","","","","","","","","","","","","","4897779.22"
"2013-06-30","2013Q2","","","","","","","","","","","","","","","","","","","","4917129.30"
"2013-09-30","2013Q3","","","","","","","","","","","","","","","","","","","","4960104.66"
"2013-12-31","2013Q4","","","","","","","","","","","","","","","","","","","","5005623.61"
"2014-03-31","2014Q1","","","","","","","","","","","","","","","","","","","","5116484.29"
"2014-06-30","2014Q2","","","","","","","","","","","","","","","","","","","","5190108.94"
"2014-09-30","2014Q3","","","","","","","","","","","","","","","","","","","","5262364.31"
"2014-12-31","2014Q4","","","","","","","","","","","","","","","","","","","","5339341.68"
"2015-03-31","2015Q1","","","","","","","","","","","","","","","","","","","","5520367.17"
"2015-06-30","2015Q2","","","","","","","","","","","","","","","","","","","","5491689.23"
"2015-09-30","2015Q3","","","","","","","","","","","","","","","","","","","","5500552.96"
"2015-12-31","2015Q4","","","","","","","","","","","","","","","","","","","","5558234.72"
"2016-03-31","2016Q1","","","","","","","","","","","","","","","","","","","","5658179.96"
"2016-06-30","2016Q2","","","","","","","","","","","","","","","","","","","","5721891.22"
"2016-09-30","2016Q3","93814.00","276942.00","2156.00","1579421.00","625.00","234553.00","57625.00","2221858.00","12149.01","255288.76","724074.00","1095.00","158525.00","566.00","2628.00","410392.00","47629.00","4958.00","5826.76","6090125.53","3202.00"
"2016-12-31","2016Q4","88619.00","264823.00","2159.00","1494384.00","641.00","226795.00","60233.00","2170754.00","11748.33","252714.98","716195.00","1130.00","155903.00","588.00","2163.00","390370.00","46565.00","4786.00","5838.75","5896410.06","3229.00"
"2017-03-31","2017Q1","88508.00","261608.00","2207.00","1511949.00","643.00","229128.00","61255.00","2190592.00","11819.10","257539.28","718530.00","1149.00","166190.00","604.00","2753.00","385088.00","46077.00","4796.00","5912.87","5946348.25","3199.00"
"2017-06-30","2017Q2","87932.00","258834.00","2193.00","1505480.00","649.00","228615.00","60915.00","2202268.00","11873.66","258858.85","723037.00","1175.00","166808.00","607.00","3021.00","378581.00","45949.00","4804.00","5917.47","5947517.98","3210.00"
"2017-09-30","2017Q3","87710.00","258449.00","2181.00","1513136.00","670.00","227850.00","61192.00","2210309.00","11932.77","263374.43","728447.00","1192.00","167428.00","628.00","3056.00","376589.00","46173.00","4858.00","6004.95","5971180.15","3336.00"
"2017-12-31","2017Q4","86607.00","261748.00","2112.00","1522959.00","680.00","228626.00","62072.00","2225950.00","12215.88","268635.09","738014.00","1212.00","168369.00","661.00","3035.00","379243.00","45887.00","4824.00","6021.46","6018871.43","3350.00"
"2018-03-31","2018Q1","86519.00","260647.00","2146.00","1539399.00","677.00","235877.00","61723.00","2231781.00","12354.39","264739.82","740082.00","1218.00","172028.00","680.00","3003.00","378354.00","45980.00","4771.00","6037.36","6048016.57","3388.00"
"2018-06-30","2018Q2","86588.00","260948.00","2208.00","1553662.00","696.00","232376.00","62385.00","2246890.00","12512.35","267249.45","736955.00","1251.00","176850.00","702.00","3276.00","379713.00","45840.00","4894.00","6040.30","6081036.10","3383.00"
"2018-09-30","2018Q3","85488.00","257214.00","2245.00","1545409.00","712.00","230654.00","62371.00","2239646.00","12503.86","272107.36","739139.00","1268.00","182540.00","756.00","3167.00","373250.00","46613.00","4875.00","6085.48","6066043.70","3455.00"
"2018-12-31","2018Q4","84262.00","254601.00","2224.00","1530293.00","717.00","232235.00","59914.00","2192384.00","12592.68","258871.18","737792.00","1261.00","171344.00","768.00","2697.00","369987.00","45672.00","4819.00","5910.60","5968344.46","3444.00"
"2019-03-31","2019Q1","88412.00","274201.00","2318.00","1624783.00","729.00","242535.00","63533.00","2298929.00","13128.39","265768.26","768790.00","1338.00","191448.00","812.00","2540.00","386908.00","47226.00","5029.00","6102.65","6284530.30","3536.00"
"2019-06-30","2019Q2","90315.00","282780.00","2342.00","1687419.00","748.00","252712.00","64658.00","2362256.00","13614.21","288117.30","794703.00","1421.00","196358.00","795.00","2638.00","401145.00","48245.00","5233.00","6154.39","6501653.90","3692.00"
"2019-09-30","2019Q3","93123.00","291446.00","2344.00","1769374.00","772.00","260831.00","66063.00","2428534.00","14127.51","297657.06","830924.00","1469.00","204370.00","805.00","2977.00","418663.00","49259.00","5416.00","6228.60","6744383.17","3885.00"
"2019-12-31","2019Q4","89362.00","285191.00","2325.00","1714893.00","801.00","251387.00","65312.00","2352398.00","14021.01","307777.23","825026.00","1499.00","203412.00","830.00","5500.00","401868.00","48880.00","5276.00","6090.89","6581849.13","3856.00"
"2020-03-31","2020Q1","88482.00","279784.00","2220.00","1721845.00","757.00","244749.00","61089.00","2265513.00","13920.44","282853.23","799569.00","1435.00","191986.00","816.00","5004.00","395552.00","47408.00","5253.00","5951.09","6414186.76","3777.00"
"2020-06-30","2020Q2","91196.00","290518.00","2255.00","1767651.00","771.00","251748.00","64588.00","2352875.00","14381.05","298035.20","836668.00","1499.00","195395.00","840.00","5278.00","402352.00","47513.00","5461.00","6090.79","6635115.04","3766.00"
"2020-09-30","2020Q3","91448.00","292977.00","2262.00","1785599.00","777.00","254629.00","65523.00","2364126.00","14606.72","308614.14","858507.00","1530.00","196317.00","859.00","5499.00","418840.00","46781.00","5578.00","6120.79","6720593.65","3877.00"
"2020-12-31","2020Q4","90412.00","301192.00","2316.00","1798927.00","809.00","256152.00","67762.00","2399405.00","14886.77","323298.86","884361.00","1586.00","208935.00","895.00","6051.00","421637.00","46252.00","5608.00","6187.89","6836673.52","3897.00"
"2021-03-31","2021Q1","87620.00","295133.00","2517.00","1778550.00","782.00","250294.00","69748.00","2390451.00","14759.54","336004.90","879062.00","1645.00","216925.00","914.00","7149.00","411147.00","44951.00","5517.00","6358.93","6799528.37","3898.00"
"2021-06-30","2021Q2","87781.00","294988.00","2553.00","1793463.00","805.00","246890.00","71526.00","2408831.00","14887.43","345403.77","890818.00","1699.00","227373.00","932.00","7002.00","408718.00","44957.00","5631.00","6448.36","6860706.56","3891.00"
"2021-09-30","2021Q3","87673.00","296277.00","2609.00","1817713.00","804.00","245084.00","71829.00","2415902.00","15022.51","353323.84","898369.00","1723.00","233482.00","958.00","7388.00","407609.00","44768.00","5739.00","6502.05","6912775.40","3896.00"
"2021-12-31","2021Q4","86804.00","294994.00","2649.00","1820680.00","815.00","245668.00","73387.00","2422253.00","15143.79","364523.48","905256.00","1762.00","244095.00","999.00","7630.00","407905.00","45242.00","5412.00","6575.66","6951793.93","3855.00"
"2022-03-31","2022Q1","81935.00","279716.00","2633.00","1725917.00","769.00","232928.00","70191.00","2330063.00","14495.53","354040.57","862592.00","1742.00","237602.00","989.00","8474.00","376945.00","44034.00","5113.00","6531.03","6636710.13","3571.00"
"2022-06-30","2022Q2","73906.00","255531.00","2562.00","1574421.00","717.00","219741.00","64334.00","2186713.00","13620.31","333062.60","800681.00","1681.00","229331.00","970.00","5881.00","330470.00","41806.00","4909.00","6410.28","6146747.19","3383.00"
"2022-09-30","2022Q3","70502.00","245101.00","2546.00","1506055.00","709.00","211233.00","62368.00","2116577.00","13383.35","327084.39","774384.00","1704.00","226136.00","979.00","5865.00","311696.00","40526.00","4703.00","6354.18","5927905.91","3320.00"
"2022-12-31","2022Q4","69503.00","240121.00","2523.00","1486956.00","715.00","209520.00","62168.00","1984656.00","13737.38","326271.73","766779.00","1702.00","220704.00","986.00","6352.00","308623.00","45744.00","4748.00","6405.91","5758215.02","3367.00"
"2023-03-31","2023Q1","70492.00","244992.00","2607.00","1539015.00","706.00","217512.00","64418.00","2025014.00","13950.01","341014.85","779942.00","1710.00","227455.00","965.00","7334.00","315124.00","45761.00","4848.00","4770.70","5911100.56","3470.00"
"2023-06-30","2023Q2","70080.00","244937.00","2713.00","1544390.00","722.00","220417.00","65142.00","2032848.00","14166.89","351351.22","779134.00","1758.00","230136.00","993.00","7214.00","316240.00","45240.00","4974.00","4753.19","5940709.30","3500.00"
"2023-09-30","2023Q3","67529.00","239196.00","2738.00","1508126.00","720.00","215417.00","64156.00","1998321.00","14374.74","346310.50","762780.00","1768.00","229472.00","998.00","7220.00","302235.00","43866.00","5333.00","4684.18","5818724.42","3480.00"
"2023-12-31","2023Q4","71127.00","254083.00","2851.00","1586596.00","738.00","227488.00","67457.00","2078995.00","15210.40","324233.22","832135.00","1838.00","237821.00","1038.00","7051.00","324895.00","45014.00","5257.00","4853.19","6092288.81","3608.00"
"2024-03-31","2024Q1","72686.00","257575.00","2988.00","1642455.00","694.00","230971.00","70322.00","2130732.00","15434.51","373607.67","838001.00","1923.00","249600.00","1041.00","7629.00","331341.00","45000.00","5348.00","4894.52","6285756.70","3514.00"
"2024-06-30","2024Q2","71657.00","255976.00","3065.00","1684352.00","700.00","230027.00","70845.00","2126136.00","15338.19","374021.33","830916.00","1961.00","252282.00","1061.00","7324.00","325399.00","44923.00","5425.00","4908.58","6309820.10","3503.00"
