"DATE","TIME PERIOD","Total assets/liabilities reported by insurance corporations in Austria (stocks) (ICB.Q.AT.X.S128.T00.T.1.W0.S1._T.EUR)","Total assets/liabilities reported by insurance corporations in Belgium (stocks) (ICB.Q.BE.X.S128.T00.T.1.W0.S1._T.EUR)","Total assets/liabilities reported by insurance corporations in Cyprus (stocks) (ICB.Q.CY.X.S128.T00.T.1.W0.S1._T.EUR)","Total assets/liabilities reported by insurance corporations in Germany (stocks) (ICB.Q.DE.X.S128.T00.T.1.W0.S1._T.EUR)","Total assets/liabilities reported by insurance corporations in Estonia (stocks) (ICB.Q.EE.X.S128.T00.T.1.W0.S1._T.EUR)","Total assets/liabilities reported by insurance corporations in Spain (stocks) (ICB.Q.ES.X.S128.T00.T.1.W0.S1._T.EUR)","Total assets/liabilities reported by insurance corporations in Finland (stocks) (ICB.Q.FI.X.S128.T00.T.1.W0.S1._T.EUR)","Total assets/liabilities reported by insurance corporations in France (stocks) (ICB.Q.FR.X.S128.T00.T.1.W0.S1._T.EUR)","Total assets/liabilities reported by insurance corporations in Greece (stocks) (ICB.Q.GR.X.S128.T00.T.1.W0.S1._T.EUR)","Total assets/liabilities reported by insurance corporations in Ireland (stocks) (ICB.Q.IE.X.S128.T00.T.1.W0.S1._T.EUR)","Total assets/liabilities reported by insurance corporations in Italy (stocks) (ICB.Q.IT.X.S128.T00.T.1.W0.S1._T.EUR)","Total assets/liabilities reported by insurance corporations in Lithuania (stocks) (ICB.Q.LT.X.S128.T00.T.1.W0.S1._T.EUR)","Total assets/liabilities reported by insurance corporations in Luxembourg (stocks) (ICB.Q.LU.X.S128.T00.T.1.W0.S1._T.EUR)","Total assets/liabilities reported by insurance corporations in Latvia (stocks) (ICB.Q.LV.X.S128.T00.T.1.W0.S1._T.EUR)","Total assets/liabilities reported by insurance corporations in Malta (stocks) (ICB.Q.MT.X.S128.T00.T.1.W0.S1._T.EUR)","Total assets/liabilities reported by insurance corporations in the Netherlands (stocks) (ICB.Q.NL.X.S128.T00.T.1.W0.S1._T.EUR)","Total assets/liabilities reported by insurance corporations in Portugal (stocks) (ICB.Q.PT.X.S128.T00.T.1.W0.S1._T.EUR)","Total assets/liabilities reported by insurance corporations in Slovenia (stocks) (ICB.Q.SI.X.S128.T00.T.1.W0.S1._T.EUR)","Total assets/liabilities reported by insurance corporations in Slovakia (stocks) (ICB.Q.SK.X.S128.T00.T.1.W0.S1._T.EUR)","Total assets/liabilities reported by insurance corporations in the Euro area (stocks) (ICB.Q.U2.X.S128.T00.T.1.W0.S1._T.EUR)","Total assets/liabilities reported by insurance corporations in Croatia (stocks) (ICB.Q.HR.X.S128.T00.T.1.W0.S1._T.EUR)"
"2008-03-31","2008Q1","","","","","","","","","","","","","","","","","","","","5025959.64"
"2008-06-30","2008Q2","","","","","","","","","","","","","","","","","","","","4989174.92"
"2008-09-30","2008Q3","","","","","","","","","","","","","","","","","","","","4949576.20"
"2008-12-31","2008Q4","","","","","","","","","","","","","","","","","","","","4863673.70"
"2009-03-31","2009Q1","","","","","","","","","","","","","","","","","","","","4910184.98"
"2009-06-30","2009Q2","","","","","","","","","","","","","","","","","","","","5037810.83"
"2009-09-30","2009Q3","","","","","","","","","","","","","","","","","","","","5165170.74"
"2009-12-31","2009Q4","","","","","","","","","","","","","","","","","","","","5253526.82"
"2010-03-31","2010Q1","","","","","","","","","","","","","","","","","","","","5456814.40"
"2010-06-30","2010Q2","","","","","","","","","","","","","","","","","","","","5470405.50"
"2010-09-30","2010Q3","","","","","","","","","","","","","","","","","","","","5575210.56"
"2010-12-31","2010Q4","","","","","","","","","","","","","","","","","","","","5541241.75"
"2011-03-31","2011Q1","","","","","","","","","","","","","","","","","","","","5632210.42"
"2011-06-30","2011Q2","","","","","","","","","","","","","","","","","","","","5643746.11"
"2011-09-30","2011Q3","","","","","","","","","","","","","","","","","","","","5608670.79"
"2011-12-31","2011Q4","","","","","","","","","","","","","","","","","","","","5575489.97"
"2012-03-31","2012Q1","","","","","","","","","","","","","","","","","","","","5799568.69"
"2012-06-30","2012Q2","","","","","","","","","","","","","","","","","","","","5795621.87"
"2012-09-30","2012Q3","","","","","","","","","","","","","","","","","","","","5956947.32"
"2012-12-31","2012Q4","","","","","","","","","","","","","","","","","","","","6022758.72"
"2013-03-31","2013Q1","","","","","","","","","","","","","","","","","","","","6146759.89"
"2013-06-30","2013Q2","","","","","","","","","","","","","","","","","","","","6125950.74"
"2013-09-30","2013Q3","","","","","","","","","","","","","","","","","","","","6194026.90"
"2013-12-31","2013Q4","","","","","","","","","","","","","","","","","","","","6233229.03"
"2014-03-31","2014Q1","","","","","","","","","","","","","","","","","","","","6456540.62"
"2014-06-30","2014Q2","","","","","","","","","","","","","","","","","","","","6586933.57"
"2014-09-30","2014Q3","","","","","","","","","","","","","","","","","","","","6711247.58"
"2014-12-31","2014Q4","","","","","","","","","","","","","","","","","","","","6839779.60"
"2015-03-31","2015Q1","","","","","","","","","","","","","","","","","","","","7200055.20"
"2015-06-30","2015Q2","","","","","","","","","","","","","","","","","","","","6986664.24"
"2015-09-30","2015Q3","","","","","","","","","","","","","","","","","","","","6981621.47"
"2015-12-31","2015Q4","","","","","","","","","","","","","","","","","","","","7078978.93"
"2016-03-31","2016Q1","","","","","","","","","","","","","","","","","","","","7248337.18"
"2016-06-30","2016Q2","","","","","","","","","","","","","","","","","","","","7338901.35"
"2016-09-30","2016Q3","142392.00","338642.00","3764.00","2219906.00","1068.00","333066.00","72182.00","2786011.00","15743.53","299815.96","883603.00","1702.00","189579.00","890.00","9887.00","514918.00","56302.00","7824.00","7762.10","7885057.59","5273.00"
"2016-12-31","2016Q4","139367.00","325231.00","3822.00","2189361.00","1101.00","330452.00","75574.00","2728684.00","15941.90","297449.92","885214.00","1763.00","185217.00","816.00","9776.00","486709.00","55335.00","7718.00","7731.55","7747263.37","5244.00"
"2017-03-31","2017Q1","139746.00","321258.00","3926.00","2189650.00","1112.00","333426.00","77130.00","2772522.00","16095.75","304147.21","893186.00","1794.00","195641.00","823.00","10943.00","476563.00","55154.00","7865.00","7725.78","7808707.74","5237.00"
"2017-06-30","2017Q2","140666.00","318834.00","3928.00","2178372.00","1119.00","334502.00","77305.00","2794862.00","16399.28","304195.34","898886.00","1837.00","196195.00","835.00","10829.00","472196.00","55747.00","7815.00","7722.71","7822245.33","5178.00"
"2017-09-30","2017Q3","141149.00","318628.00","3870.00","2188089.00","1167.00","335825.00","77746.00","2815030.00","16444.85","307647.68","907461.00","1864.00","197098.00","870.00","10811.00","468007.00","56322.00","7934.00","7904.48","7863868.01","5314.00"
"2017-12-31","2017Q4","137447.00","320709.00","3934.00","2212673.00","1165.00","336937.00","78465.00","2824777.00","16893.87","312796.37","921006.00","1912.00","190621.00","926.00","10594.00","467587.00","56276.00","8006.00","8491.93","7911217.17","5342.00"
"2018-03-31","2018Q1","137605.00","320382.00","3965.00","2217986.00","1166.00","349064.00","78520.00","2854668.00","16953.06","309269.70","931355.00","1980.00","194553.00","959.00","11080.00","464437.00","56918.00","8004.00","8293.98","7967158.74","5366.00"
"2018-06-30","2018Q2","136899.00","321300.00","3884.00","2226276.00","1186.00","344749.00","78786.00","2869529.00","17071.04","311705.18","910140.00","2014.00","199890.00","981.00","11457.00","467020.00","56376.00","8019.00","8286.74","7975568.96","5384.00"
"2018-09-30","2018Q3","135849.00","326174.00","3912.00","2224750.00","1206.00","341573.00","78877.00","2870562.00","17041.57","317450.14","911703.00","2066.00","205134.00","1062.00","11311.00","460398.00","56700.00","8115.00","8263.39","7982147.10","5442.00"
"2018-12-31","2018Q4","133298.00","322487.00","3802.00","2213488.00","1270.00","341026.00","75421.00","2802047.00","17041.83","305312.08","910890.00","2062.00","193348.00","1081.00","10357.00","458071.00","55385.00","7948.00","8116.30","7862451.21","5401.00"
"2019-03-31","2019Q1","138136.00","342402.00","3962.00","2343248.00","1273.00","360859.00","79230.00","2926997.00","17716.75","314181.98","945814.00","2170.00","219077.00","1145.00","10662.00","482620.00","57052.00","8247.00","8546.95","8263339.68","5590.00"
"2019-06-30","2019Q2","138831.00","354000.00","4062.00","2407638.00","1294.00","381110.00","80419.00","2980332.00","18401.14","337828.08","972484.00","2275.00","222962.00","1135.00","10976.00","502530.00","58147.00","8391.00","8914.70","8491729.92","5698.00"
"2019-09-30","2019Q3","139939.00","361207.00","4113.00","2492547.00","1349.00","387991.00","82446.00","3056253.00","18952.44","350966.49","1018489.00","2345.00","230230.00","1170.00","11675.00","540842.00","58813.00","8562.00","9048.66","8776938.59","5874.00"
"2019-12-31","2019Q4","138420.00","360294.00","4083.00","2481129.00","1355.00","375791.00","81714.00","3030968.00","18877.23","363410.31","1019248.00","2397.00","230903.00","1275.00","13959.00","509945.00","58455.00","8697.00","8994.00","8709914.54","5864.00"
"2020-03-31","2020Q1","132405.00","358338.00","3914.00","2433930.00","1267.00","353033.00","75981.00","2935339.00","18418.76","337251.66","976359.00","2334.00","220729.00","1237.00","13977.00","521543.00","56262.00","8345.00","8818.97","8459482.39","5918.00"
"2020-06-30","2020Q2","136130.00","367866.00","4027.00","2532005.00","1319.00","364342.00","79965.00","3018984.00","19085.09","349918.61","1009587.00","2454.00","220849.00","1303.00","14468.00","536892.00","56631.00","8766.00","9071.51","8733663.21","5901.00"
"2020-09-30","2020Q3","137835.00","370277.00","4061.00","2561285.00","1328.00","372589.00","81427.00","3031401.00","19511.30","363907.65","1042976.00","2546.00","221557.00","1297.00","14295.00","549939.00","56476.00","9001.00","9049.60","8850758.55","6017.00"
"2020-12-31","2020Q4","141093.00","380523.00","4075.00","2605631.00","1361.00","375700.00","84505.00","3088708.00","19977.20","380459.50","1087828.00","2623.00","235725.00","1394.00","14438.00","547234.00","56220.00","9164.00","9237.24","9045895.94","6146.00"
"2021-03-31","2021Q1","142664.00","375023.00","4412.00","2592324.00","1317.00","372398.00","87635.00","3109269.00","20124.46","396206.87","1094668.00","2721.00","244766.00","1419.00","14820.00","526448.00","55528.00","9382.00","9305.79","9060431.12","6206.00"
"2021-06-30","2021Q2","144105.00","377634.00","4549.00","2609915.00","1349.00","365814.00","90451.00","3128874.00","20366.54","407400.43","1104897.00","2739.00","254283.00","1434.00","15003.00","526179.00","55943.00","9536.00","9274.05","9129746.02","6210.00"
"2021-09-30","2021Q3","144991.00","375875.00","4534.00","2653071.00","1355.00","365142.00","91195.00","3141360.00","20571.45","414260.11","1114826.00","2787.00","256334.00","1480.00","14981.00","525942.00","55842.00","9640.00","9270.98","9203457.54","6246.00"
"2021-12-31","2021Q4","145358.00","380969.00","4575.00","2667222.00","1392.00","364692.00","93280.00","3155807.00","20607.23","424963.78","1121078.00","2839.00","265988.00","1500.00","15190.00","519740.00","56058.00","9276.00","9355.20","9259890.21","6192.00"
"2022-03-31","2022Q1","140015.00","366929.00","4504.00","2547326.00","1298.00","349328.00","90459.00","3071090.00","20036.68","416094.36","1078122.00","2851.00","261189.00","1476.00","15916.00","505017.00","54838.00","9055.00","9215.41","8944759.46","6076.00"
"2022-06-30","2022Q2","132666.00","342285.00","4450.00","2369808.00","1237.00","327384.00","84951.00","2994119.00","18978.16","393240.54","1005730.00","2696.00","252198.00","1459.00","13257.00","460116.00","52580.00","8667.00","8817.17","8474638.87","5884.00"
"2022-09-30","2022Q3","128575.00","328815.00","4427.00","2296339.00","1228.00","318069.00","83429.00","2926970.00","18494.49","388291.32","976184.00","2778.00","249388.00","1477.00","13155.00","453160.00","51393.00","8400.00","8749.91","8259322.72","5776.00"
"2022-12-31","2022Q4","127704.00","330455.00","4395.00","2275609.00","1265.00","317492.00","82983.00","2754698.00","18718.44","386490.98","971248.00","2847.00","242338.00","1509.00","13437.00","448161.00","56221.00","8424.00","8530.24","8052525.66","5790.00"
"2023-03-31","2023Q1","131612.00","336120.00","4450.00","2326646.00","1217.00","328159.00","84639.00","2830525.00","19123.52","404660.52","998626.00","2920.00","251532.00","1460.00","15166.00","440469.00","57416.00","8518.00","8031.62","8257141.66","5851.00"
"2023-06-30","2023Q2","131260.00","335872.00","4728.00","2331828.00","1265.00","332000.00","85376.00","2832181.00","19473.31","417654.34","993972.00","2981.00","254313.00","1496.00","15076.00","441113.00","55950.00","8609.00","7658.33","8278703.98","5898.00"
"2023-09-30","2023Q3","129339.00","330346.00","4798.00","2311106.00","1288.00","326849.00","84700.00","2794539.00","19567.40","408256.10","975495.00","3019.00","252440.00","1506.00","15018.00","438265.00","54923.00","8896.00","7597.72","8173878.22","5930.00"
"2023-12-31","2023Q4","131925.00","345867.00","4842.00","2408439.00","1342.00","338066.00","87003.00","2878014.00","20286.82","380488.23","1052798.00","2873.00","264181.00","1577.00","16492.00","455348.00","55990.00","9088.00","7982.70","8468667.75","6065.00"
"2024-03-31","2024Q1","134119.00","349197.00","5101.00","2477583.00","1302.00","345302.00","90155.00","2961212.00","20587.88","435564.04","1069978.00","2894.00","276354.00","1621.00","17434.00","468063.00","55949.00","9310.00","7849.01","8735575.93","6001.00"
"2024-06-30","2024Q2","132833.00","345684.00","5226.00","2435770.00","1350.00","344399.00","90898.00","2949442.00","20598.60","433794.39","1061490.00","2926.00","279826.00","1608.00","15971.00","455835.00","56187.00","9351.00","7740.90","8656967.89","6038.00"
